Title,Category,Genre,Description,Rating,Cover_URL,Backdrop_URL,TMDB_ID
Inception,Movie,Action Science Fiction Adventure,"Cobb, a skilled thief who commits corporate espionage by infiltrating the subconscious of his targets is offered a chance to regain his old life as payment for a task considered to be impossible: ""inception"", the implantation of another person's idea into a target's subconscious.",8.372,https://image.tmdb.org/t/p/w500/xlaY2zyzMfkhk0HSC5VUwzoZPU1.jpg,https://image.tmdb.org/t/p/original/8ZTVqvKDQ8emSGUEMjsS4yHAwrp.jpg,27205
Blade Runner 2049,Movie,Science Fiction Drama,"Thirty years after the events of the first film, a new blade runner, LAPD Officer K, unearths a long-buried secret that has the potential to plunge what's left of society into chaos. K's discovery leads him on a quest to find Rick Deckard, a former LAPD blade runner who has been missing for 30 years.",7.594,https://image.tmdb.org/t/p/w500/gajva2L0rPYkEWjzgFlBXCAVBE5.jpg,https://image.tmdb.org/t/p/original/mVr0UiqyltcfqxbAUcLl9zWL8ah.jpg,335984
Interstellar,Movie,Adventure Drama Science Fiction,The adventures of a group of explorers who make use of a newly discovered wormhole to surpass the limitations on human space travel and conquer the vast distances involved in an interstellar voyage.,8.475,https://image.tmdb.org/t/p/w500/yQvGrMoipbRoddT0ZR8tPoR7NfX.jpg,https://image.tmdb.org/t/p/original/2ssWTSVklAEc98frZUQhgtGHx7s.jpg,157336
The Dark Knight,Movie,Action Crime Thriller,"Batman raises the stakes in his war on crime. With the help of Lt. Jim Gordon and District Attorney Harvey Dent, Batman sets out to dismantle the remaining criminal organizations that plague the streets. The partnership proves to be effective, but they soon find themselves prey to a reign of chaos unleashed by a rising criminal mastermind known to the terrified citizens of Gotham as the Joker.",8.531,https://image.tmdb.org/t/p/w500/qJ2tW6WMUDux911r6m7haRef0WH.jpg,https://image.tmdb.org/t/p/original/cfT29Im5VDvjE0RpyKOSdCKZal7.jpg,155
Dune: Part Two,Movie,Science Fiction Adventure,"Follow the mythic journey of Paul Atreides as he unites with Chani and the Fremen while on a path of revenge against the conspirators who destroyed his family. Facing a choice between the love of his life and the fate of the known universe, Paul endeavors to prevent a terrible future only he can foresee.",8.127,https://image.tmdb.org/t/p/w500/1pdfLvkbY9ohJlCjQH2CZjjYVvJ.jpg,https://image.tmdb.org/t/p/original/xOMo8BRK7PfcJv9JCnx7s5hj0PX.jpg,693134
Oppenheimer,Movie,Drama History,The story of J. Robert Oppenheimer's role in the development of the atomic bomb during World War II.,8.0,https://image.tmdb.org/t/p/w500/8Gxv8gSFCU0XGDykEGv7zR1n2ua.jpg,https://image.tmdb.org/t/p/original/neeNHeXjMF5fXoCJRsOmkNGC7q.jpg,872585
Breaking Bad,Series,Drama Crime,"Walter White, a New Mexico chemistry teacher, is diagnosed with Stage III cancer and given a prognosis of only two years left to live. He becomes filled with a sense of fearlessness and an unrelenting desire to secure his family's financial future at any cost as he enters the dangerous world of drugs and crime.",8.945,https://image.tmdb.org/t/p/w500/ztkUQFLlC19CCMYHW9o1zWhJRNq.jpg,https://image.tmdb.org/t/p/original/tsRy63Mu5cu8etL1X7ZLyf7UP1M.jpg,1396
Dark,Series,Crime Drama Sci-Fi & Fantasy Mystery,A missing child sets four families on a frantic hunt for answers as they unearth a mind-bending mystery that spans three generations.,8.4,https://image.tmdb.org/t/p/w500/1DLjjvSWMYo17B7wuz6YikB96hH.jpg,https://image.tmdb.org/t/p/original/3jDXL4Xvj3AzDOF6UH1xeyHW8MH.jpg,70523
Squid Game,Series,Action & Adventure Mystery Drama,"Hundreds of cash-strapped players accept a strange invitation to compete in children's games. Inside, a tempting prize awaits — with deadly high stakes.",7.856,https://image.tmdb.org/t/p/w500/1QdXdRYfktUSONkl1oD5gc6Be0s.jpg,https://image.tmdb.org/t/p/original/2meX1nMdScFOoV4370rqHWKmXhY.jpg,93405
The Last of Us,Series,Drama,"Twenty years after modern civilization has been destroyed, Joel, a hardened survivor, is hired to smuggle Ellie, a 14-year-old girl, out of an oppressive quarantine zone. What starts as a small job soon becomes a brutal, heartbreaking journey, as they both must traverse the United States and depend on each other for survival.",8.431,https://image.tmdb.org/t/p/w500/dmo6TYuuJgaYinXBPjrgG9mB5od.jpg,https://image.tmdb.org/t/p/original/acevLdSl5I2MK5RYAm7gwAndt1w.jpg,100088
House of the Dragon,Series,Sci-Fi & Fantasy Drama Action & Adventure,"The Targaryen dynasty is at the absolute apex of its power, with more than 15 dragons under their yoke. Most empires crumble from such heights. In the case of the Targaryens, their slow fall begins when King Viserys breaks with a century of tradition by naming his daughter Rhaenyra heir to the Iron Throne. But when Viserys later fathers a son, the court is shocked when Rhaenyra retains her status as his heir, and seeds of division sow friction across the realm.",8.293,https://image.tmdb.org/t/p/w500/7V0Ebks0GgpKvQ7QbLAIdX5dos4.jpg,https://image.tmdb.org/t/p/original/2xGcSLyTAzConiHAByWqhfLiatT.jpg,94997
Severance,Series,Drama Mystery Sci-Fi & Fantasy,"Mark leads a team of office workers whose memories have been surgically divided between their work and personal lives. When a mysterious colleague appears outside of work, it begins a journey to discover the truth about their jobs.",8.392,https://image.tmdb.org/t/p/w500/pPHpeI2X1qEd1CS1SeyrdhZ4qnT.jpg,https://image.tmdb.org/t/p/original/ixgFmf1X59PUZam2qbAfskx2gQr.jpg,95396
Attack on Titan,Series,Animation Sci-Fi & Fantasy Action & Adventure Anime,"100 years ago, the last remnants of humanity were forced to retreat behind the towering walls of a fortified city to escape the massive, man-eating Titans that roamed the land outside their fortress. Only the members of the Scouting Legion dared to stray beyond the safety of the walls – but even those brave warriors seldom returned alive. Those within the city clung to the illusion of a peaceful existence until the day that dream was shattered, and their slim chance at survival was reduced to one horrifying choice: kill – or be devoured!",8.681,https://image.tmdb.org/t/p/w500/hTP1DtLGFamjfu8WqjnuQdP1n4i.jpg,https://image.tmdb.org/t/p/original/rqbCbjB19amtOtFQbb3K2lgm2zv.jpg,1429
Fullmetal Alchemist: Brotherhood,Series,Animation Action & Adventure Sci-Fi & Fantasy Drama Anime,"Disregard for alchemy’s laws ripped half of Edward Elric’s limbs from his body and left his brother Alphonse’s soul clinging to a suit of armor. To restore what was lost, the brothers seek the Philosopher’s Stone. Enemies and allies – the corrupt military, the Homunculi, and foreign alchemists – will alter the Elric brothers course, but their purpose will remain unchanged and their bond unbreakable.",8.7,https://image.tmdb.org/t/p/w500/5ZFUEOULaVml7pQuXxhpR2SmVUw.jpg,https://image.tmdb.org/t/p/original/A6tMQAo6t6eRFCPhsrShmxZLqFB.jpg,31911
Vinland Saga,Series,Animation War & Politics Action & Adventure Drama Anime,"For a thousand years, the Vikings have made quite a name and reputation for themselves as the strongest families with a thirst for violence. Thorfinn, the son of one of the Vikings' greatest warriors, spends his boyhood in a battlefield enhancing his skills in his adventure to redeem his most-desired revenge after his father was murdered.",8.5,https://image.tmdb.org/t/p/w500/vUHlpA5c1NXkds59reY3HMb4Abs.jpg,https://image.tmdb.org/t/p/original/xamCBQePUy9xI42GvtphLuGqd09.jpg,88803
Demon Slayer: Kimetsu no Yaiba,Series,Animation Action & Adventure Sci-Fi & Fantasy Anime,"After a demon attack leaves his family slain and his sister cursed, Tanjiro embarks upon a perilous journey to find a cure and avenge those he's lost.",8.634,https://image.tmdb.org/t/p/w500/xUfRZu2mi8jH6SzQEJGP6tjBuYj.jpg,https://image.tmdb.org/t/p/original/3GQKYh6Trm8pxd2AypovoYQf4Ay.jpg,85937
JUJUTSU KAISEN,Series,Animation Action & Adventure Sci-Fi & Fantasy Anime,"Yuji Itadori is a boy with tremendous physical strength, though he lives a completely ordinary high school life. One day, to save a classmate who has been attacked by curses, he eats the finger of Ryomen Sukuna, taking the curse into his own soul. From then on, he shares one body with Ryomen Sukuna. Guided by the most powerful of sorcerers, Satoru Gojo, Itadori is admitted to Tokyo Jujutsu High School, an organization that fights the curses... and thus begins the heroic tale of a boy who became a curse to exorcise a curse, a life from which he could never turn back.",8.567,https://image.tmdb.org/t/p/w500/fHpKWq9ayzSk8nSwqRuaAUemRKh.jpg,https://image.tmdb.org/t/p/original/lthkKBLe1rX6iThgVFg22O02sJw.jpg,95479
Mushi-Shi,Series,Animation Drama Sci-Fi & Fantasy Anime,"Ginko, a Mushi master, travels from place to place researching the Mushi and helping people who are suffering because of it.",8.04,https://image.tmdb.org/t/p/w500/1EdA21TRBXJU5aBP4EHkOMF2tNx.jpg,https://image.tmdb.org/t/p/original/zm8LeZbw5nrI71Txad8hkv4vU3z.jpg,26867
Mob Psycho 100,Series,Animation Action & Adventure Comedy Sci-Fi & Fantasy Anime,"Shigeo Kageyama, a.k.a. ""Mob,"" is a boy who has trouble expressing himself, but who happens to be a powerful esper. Mob is determined to live a normal life and keeps his ESP suppressed, but when his emotions surge to a level of 100%, something terrible happens to him! As he's surrounded by false espers, evil spirits, and mysterious organizations, what will Mob think? What choices will he make?",8.5,https://image.tmdb.org/t/p/w500/vR7hwaGQ0ySRoq1WobiNRaPs4WO.jpg,https://image.tmdb.org/t/p/original/kP5duNJEbTfXpBs6CITsaZ88pQi.jpg,67075
The King's Avatar,Series,Animation Action & Adventure Donghua,"In the multiplayer online game Glory, Ye Xiu is regarded as a textbook and a top-tier pro-player. However, due to a myriad of reasons, he is kicked from the team. After leaving the pro scene, he finds work in an Internet Cafe as a manager. When Glory launches its tenth server, he throws himself in to the game once more. Possessing ten years of experience, the memories of his past, and an incomplete, self-made weapon, his return along the road to the summit begins!",7.7,https://image.tmdb.org/t/p/w500/rVEAM1xYLnvNRi8xeUnJCnLERIN.jpg,https://image.tmdb.org/t/p/original/1BUHrtSTcDq3Bl3gu3W9b1EacCq.jpg,71194
Soul Land,Series,Animation Drama Sci-Fi & Fantasy Action & Adventure Donghua,"Tang San spent his life in the Tang Outer Sect, dedicated to the creation and mastery of hidden weapons. Once he stole the secret lore of the Inner Sect to reach the pinnacle of his art, his only way out was death. But after throwing himself off the deadly Hell's Peak he was reborn in a different world, the world of Douluo Dalu, a world where every person has a spirit of their own, and those with powerful spirits can practice their spirit power to rise and become Spirit Masters.

The spirit that awakens within Tang San is Blue Silver Grass, a useless spirit. Can he overcome the difficulties to reach the high ranks of Spirit Masters and bring the glory of the Tang Sect into this new world?",8.2,https://image.tmdb.org/t/p/w500/4ooPDiPcEPylDcFKg9koGkoW6GC.jpg,https://image.tmdb.org/t/p/original/rcfUUrQj6Zhk4mG4xtCl8Smupko.jpg,76572
Martial Universe,Series,Animation Action & Adventure Sci-Fi & Fantasy Drama Donghua,"Hailing from a banished family of the Great Lin Clan, when Lin Dong was very young, he watched, powerless, as his talented father was easily crushed and crippled by the overwhelming genius of the great Lin Clan, Lin Langtian.

With a despairing father, a heartbroken grandfather, and a suffering family, ever since that fateful day, Lin Dong has been driven by a deep purpose; to take revenge on the man who had taken everything and more from his family.

Armed with nothing but willpower and determination, join Lin Dong as he unknowingly discovers a destiny greater than he could ever hope to imagine when he stumbles upon a mysterious stone talisman…",8.0,https://image.tmdb.org/t/p/w500/pl81yA352H1YEcJ36ZIkjFw5OH2.jpg,https://image.tmdb.org/t/p/original/5W9Dn9d0sg6xoSfKBmZRk1rMwBU.jpg,87007
Battle Through the Heavens,Series,Donghua,A formerly gifted cultivator loses his power and fights his way back to the top through sheer will. A beloved xianxia story brought to life with fluid animation.,0.0,,,310041
Perfect World,Series,Action & Adventure Sci-Fi & Fantasy Animation Donghua,"Born into a unique world where villages fight to gain power and control, the main character, Shi Hao, is a genius blessed by the heavens born under the poorest of conditions. His clan, however, has a mysterious past. To rise up and become the genius he is meant to be, the clan goes through every effort to aid his cultivation as they battle through fanatical monsters and engage in power struggles with other clans. His journey will bring him through unknown lands until he is able to become a person that can truly shake the world.",8.4,https://image.tmdb.org/t/p/w500/qy60bm9admmgpkmcPeW4BvRjjVm.jpg,https://image.tmdb.org/t/p/original/vMIlGA4HJnJekSboqk4ap0lz2Sd.jpg,124003
Lee Cronin's The Mummy,Movie,Horror Mystery,"The young daughter of a journalist disappears into the desert without a trace—eight years later, the broken family is shocked when she is returned to them, as what should be a joyful reunion turns into a living nightmare.",8.0,https://image.tmdb.org/t/p/w500/uIb9Tvae5haF0XcQBaPyufmxbb0.jpg,https://image.tmdb.org/t/p/original/wMrV8SLne1jHLeYS0lLrA1Tf86P.jpg,1304313
Tom Clancy's Jack Ryan: Ghost War,Movie,Action Thriller,"Jack Ryan is reluctantly pulled back into espionage when an international covert mission unravels a deadly conspiracy. Racing against time, he joins CIA allies Mike November & James Greer and sharp MI6 officer Emma Marlowe to battle a rogue black-ops unit in a high-stakes, deeply personal fight.",7.2,https://image.tmdb.org/t/p/w500/8ehYxUh5MWE41AeE9gkHE8DKzvB.jpg,https://image.tmdb.org/t/p/original/dd31qJxOarrHyGZwYsCzOjobQzP.jpg,1380291
The Punisher: One Last Kill,Movie,Action Drama Crime,"As Frank Castle searches for meaning beyond revenge, an unexpected force pulls him back into the fight.",8.433,https://image.tmdb.org/t/p/w500/qQclTgLMDvGBuUBFGHRipxkEwWR.jpg,https://image.tmdb.org/t/p/original/qO55CD8tgVL1T4WKn6zYFFiD6lL.jpg,1439930
The Super Mario Galaxy Movie,Movie,Family Comedy Adventure Fantasy Animation,"Having thwarted Bowser's previous plot to marry Princess Peach, Mario and Luigi now face a fresh threat in Bowser Jr., who is determined to liberate his father from captivity and restore the family legacy. Alongside companions new and old, the brothers travel across the stars to stop the young heir's crusade.",7.977,https://image.tmdb.org/t/p/w500/eJGWx219ZcEMVQJhAgMiqo8tYY.jpg,https://image.tmdb.org/t/p/original/9Z2uDYXqJrlmePznQQJhL6d92Rq.jpg,1226863
Project Hail Mary,Movie,Science Fiction Adventure,"Science teacher Ryland Grace wakes up on a spaceship light years from home with no recollection of who he is or how he got there. As his memory returns, he begins to uncover his mission: solve the riddle of the mysterious substance causing the sun to die out. He must call on his scientific knowledge and unorthodox ideas to save everything on Earth from extinction.",8.629,https://image.tmdb.org/t/p/w500/yihdXomYb5kTeSivtFndMy5iDmf.jpg,https://image.tmdb.org/t/p/original/2I1OFQJ0L9T0dpU6FobKFWV2PxX.jpg,687163
Obsession,Movie,Horror,"After breaking the mysterious ""One Wish Willow"" to win his crush's heart, a hopeless romantic finds himself getting exactly what he asked for but soon discovers that some desires come at a dark, sinister price.",7.9,https://image.tmdb.org/t/p/w500/6X4qFYBsG3bpWDG2XIKqr04kFJa.jpg,https://image.tmdb.org/t/p/original/rZfmzpixLKLR3Hg2u0WgC7XLFl8.jpg,1339713
Swapped,Movie,Adventure Animation Family Fantasy,"A small woodland creature and a majestic bird, two natural sworn enemies of the Valley, magically trade places and set off on an adventure of a lifetime to switch back. Their journey soon uncovers a greater threat—one that could endanger not only their species, but the entire valley they call home.",8.971,https://image.tmdb.org/t/p/w500/tHhxWxge06goXU6ZQH1hj7vK8Hd.jpg,https://image.tmdb.org/t/p/original/zMwhWailP1WY7sb6AoE6b8ugoy.jpg,1007757
Dhurandhar: The Revenge,Movie,Action Crime Thriller,"As rival gangs, corrupt officials and a ruthless Major Iqbal close in, Hamza's mission for his country spirals into a bloody personal war where the line between patriot and monster disappears in the streets of Lyari.",7.3,https://image.tmdb.org/t/p/w500/ov8vrRLZGoXHpYjSY9Vpv1tHJX7.jpg,https://image.tmdb.org/t/p/original/gRoZG3Z0zJxgElmTsVHOl2dNYXe.jpg,1582770
Your Heart Will Be Broken,Movie,Romance Drama,"High school student Polina is saved from bullying at her new school and makes a deal with the main bully Bars: he must pretend to be her boyfriend and protect her, and she must do everything he says. During this game, the couple develops real feelings, but her family and classmates have reasons to separate the lovers.",6.8,https://image.tmdb.org/t/p/w500/7wIBfBl2gejt6xHxNSK0reVIm7E.jpg,https://image.tmdb.org/t/p/original/1x9e0qWonw634NhIsRdvnneeqvN.jpg,1523145
The Devil Wears Prada,Movie,Drama Comedy,"A young woman from the Midwest gets more than she bargained for when she moves to New York to become a writer and ends up as the assistant to the tyrannical, larger-than-life editor-in-chief of a major fashion magazine.",7.422,https://image.tmdb.org/t/p/w500/8912AsVuS7Sj915apArUFbv6F9L.jpg,https://image.tmdb.org/t/p/original/gkh6Nt8DtY1XT4gQsyFq9XAVJlJ.jpg,350
Mortal Kombat II,Movie,Action Fantasy Adventure,"The fan favorite champions—now joined by Johnny Cage himself—are pitted against one another in the ultimate, no-holds barred, gory battle to defeat the dark rule of Shao Kahn that threatens the very existence of the Earthrealm and its defenders.",6.802,https://image.tmdb.org/t/p/w500/io7wVbm9VKaanIcuAymCDy9dmjU.jpg,https://image.tmdb.org/t/p/original/4EAAwpylq313qrDqpCxulUrXBNF.jpg,931285
Mortal Kombat,Movie,Action Fantasy Adventure,"Washed-up MMA fighter Cole Young, unaware of his heritage, and hunted by Emperor Shang Tsung's best warrior, Sub-Zero, seeks out and trains with Earth's greatest champions as he prepares to stand against the enemies of Outworld in a high stakes battle for the universe.",7.03,https://image.tmdb.org/t/p/w500/ybrX94xQm8lXYpZAPRmwD9iIbWP.jpg,https://image.tmdb.org/t/p/original/6ELCZlTA5lGUops70hKdB83WJxH.jpg,460465
Pati Patni Aur Woh Do,Movie,Comedy,"A seemingly perfect marriage in Prayagraj takes an unexpected turn when one decision leads to a chain of misunderstandings, suspicion, and comedic chaos.",8.0,https://image.tmdb.org/t/p/w500/x0RUPvba4JlCCkyyEZGlQFIFVuF.jpg,https://image.tmdb.org/t/p/original/eNAFLrd1XAAD4hgdTPjewpzYU4W.jpg,1320660
The Mandalorian and Grogu,Movie,Action Adventure Science Fiction,"The evil Empire has fallen, and Imperial warlords remain scattered throughout the galaxy. As the fledgling New Republic works to protect everything the Rebellion fought for, they have enlisted the help of legendary Mandalorian bounty hunter Din Djarin and his young apprentice Grogu.",6.751,https://image.tmdb.org/t/p/w500/5Vi8dSauVwH1HOsiZceDMbRr1Ca.jpg,https://image.tmdb.org/t/p/original/7OedxK0BvSKJ0ZWCPRYADViTBx6.jpg,1228710
Apex,Movie,Action Thriller,A grieving woman pushing her limits on a solo adventure in the Australian wild is ensnared in a twisted game with a cunning killer who thinks she's prey.,6.687,https://image.tmdb.org/t/p/w500/eTp7gSPkSF3Aw79mNx1NkBP1PZT.jpg,https://image.tmdb.org/t/p/original/oTE4lNs4PSG5iIWjqaTdCIFJ4Bs.jpg,1318447
Mortal Game,Movie,Horror Action,"A group of hunters travel to a mysterious island to track down a legendary forest creature. They soon realize their guide has set them up as bait, forcing them to confront a highly intelligent predator that terrorizes them one by one.",4.917,https://image.tmdb.org/t/p/w500/iCvucorbs3hFqWshDbLe0fHzB71.jpg,https://image.tmdb.org/t/p/original/hdLsZ3dCjKt5A6xDpoo3UFgcTSm.jpg,1426822
Avatar: Fire and Ash,Movie,Science Fiction Adventure Fantasy,"In the wake of the devastating war against the RDA and the loss of their eldest son, Jake Sully and Neytiri face a new threat on Pandora: the Ash People, a violent and power-hungry Na'vi tribe led by the ruthless Varang. Jake's family must fight for their survival and the future of Pandora in a conflict that pushes them to their emotional and physical limits.",7.501,https://image.tmdb.org/t/p/w500/aabwWZWx6z1aYP4PX2ADvbDKktd.jpg,https://image.tmdb.org/t/p/original/iN41Ccw4DctL8npfmYg1j5Tr1eb.jpg,83533
The Shadow's Edge,Movie,Action Crime Drama Thriller,Macau Police brings the tracking expert police officer out of retirement to help catch a dangerous group of professional thieves.,7.373,https://image.tmdb.org/t/p/w500/cHKo3m8N1fwvEy2ZEr0xGmmMODV.jpg,https://image.tmdb.org/t/p/original/4BtL2vvEufDXDP4u6xQjjQ1Y2aT.jpg,1419406
System,Movie,Thriller,"When Neha Rajvansh, a privileged public prosecutor, meets Sarika Rawat, a courtroom stenographer from a humble background, their lives are thrown into upheaval where power defines truth, blurring the system and raising a question of what justice truly means to them.",7.5,https://image.tmdb.org/t/p/w500/wznZGK0WTgbIJWuZVdWG3oPECL.jpg,https://image.tmdb.org/t/p/original/7f9ZaTwyqQOJtNWUS7xZgWQOzSt.jpg,1431071
Beast,Movie,Action Drama,"MMA legend Patton James, now a commercial fisherman, is pulled back into the cage when his brother is in danger. Reuniting with his old coach Sammy, he commits to one final fight in one championship against the brutal champion Xavier Grau.",6.307,https://image.tmdb.org/t/p/w500/7NrvUI3vnW8H3rD7ExKcTL7KRcQ.jpg,https://image.tmdb.org/t/p/original/hlZGaey4lR9hc4rGxZRAmIEsZOc.jpg,1292415
Michael,Movie,Music Drama,"The story of Michael Jackson, one of the most influential artists the world has ever known, and his life beyond the music. His journey from the discovery of his extraordinary talent as the lead of the Jackson Five, to the visionary artist whose creative ambition fueled a relentless pursuit to become the biggest entertainer in the world, highlighting both his life off-stage and some of the most iconic performances from his early solo career.",7.586,https://image.tmdb.org/t/p/w500/3Qud19bBUrrJAzy0Ilm8gRJlJXP.jpg,https://image.tmdb.org/t/p/original/xBT0oNq6rsTFv4SxG5uGRIEOrq6.jpg,936075
Hoppers,Movie,Adventure Animation Comedy Family Science Fiction,"Scientists have discovered how to 'hop' human consciousness into lifelike robotic animals, allowing people to communicate with animals as animals. Animal lover Mabel seizes an opportunity to use the technology, uncovering mysteries within the animal world beyond anything she could have imagined.",8.1,https://image.tmdb.org/t/p/w500/xjtWQ2CL1mpmMNwuU5HeS4Iuwuu.jpg,https://image.tmdb.org/t/p/original/u53UYu5XG2hNgWGvs3xGhAVzypl.jpg,1327819
Graphic Desires,Movie,Thriller Crime,"When reclusive Franklin cheats on his partner with a mysterious girl he meets on a dating app, it becomes the start of a deadly obsession.",7.0,https://image.tmdb.org/t/p/w500/3BjLdTWRiHc1ISIZMFvToOmghOM.jpg,https://image.tmdb.org/t/p/original/rHnANzYUmV3WZw3n0yWOLiR3pen.jpg,976912
Kartavya,Movie,Crime Drama Thriller,"With his family's safety at stake and menacing threats closing in, a police officer must decide how far he'll go to uphold his duty.",6.091,https://image.tmdb.org/t/p/w500/doTwMyAphlDL5Z8WqE3elWWvj8M.jpg,https://image.tmdb.org/t/p/original/mHm73HhpvGWfRkXNErcwc15Czrv.jpg,1628367
GOAT,Movie,Animation Comedy Family,"A small goat with big dreams gets a once-in-a-lifetime shot to join the pros and play roarball, a high-intensity, co-ed, full-contact sport dominated by the fastest, fiercest animals in the world.",8.111,https://image.tmdb.org/t/p/w500/wfuqMlaExcoYiUEvKfVpUTt1v4u.jpg,https://image.tmdb.org/t/p/original/tq3h43fZy0H80vzf47MAY7R9Mxo.jpg,1297842
Demon Slayer: Kimetsu no Yaiba Infinity Castle,Movie,Animation Action Fantasy Anime,"The Demon Slayer Corps are drawn into the Infinity Castle, where Tanjiro, Nezuko, and the Hashira face terrifying Upper Rank demons in a desperate fight as the final battle against Muzan Kibutsuji begins.",7.72,https://image.tmdb.org/t/p/w500/fWVSwgjpT2D78VUh6X8UBd2rorW.jpg,https://image.tmdb.org/t/p/original/1RgPyOhN4DRs225BGTlHJqCudII.jpg,1311031
Worldbreaker,Movie,Science Fiction Action Horror,"Five years ago, a tear in the fabric of reality brought creatures to our world from an alternate dimension bent on our destruction. A father hides his daughter on an island to keep her safe while he prepares her for survival and the battles to come. But when the world is about to break, no place is safe.",5.893,https://image.tmdb.org/t/p/w500/ahj1JU8r0uJv7QII5Uj7tKzbEsC.jpg,https://image.tmdb.org/t/p/original/gMItMzDOyrfQGZsMWRM9tdxq5cV.jpg,1196067
Nymphomaniac: Vol. II,Movie,Drama Mystery,The continuation of Joe's sexually dictated life delves into the darker aspects of her adult life and what led to her being in Seligman's care.,6.71,https://image.tmdb.org/t/p/w500/iLUNqgNKuWn667kXCKztSxYbT3k.jpg,https://image.tmdb.org/t/p/original/oQEAWIr3thvSICvoQnFEqyuf0Oz.jpg,249397
The Mummy,Movie,Adventure Action Fantasy,Dashing legionnaire Rick O'Connell stumbles upon the hidden ruins of Hamunaptra while in the midst of a battle to claim the area in 1920s Egypt. It has been over three thousand years since former High Priest Imhotep suffered a fate worse than death as a punishment for a forbidden love—along with a curse that guarantees eternal doom upon the world if he is ever awoken.,6.973,https://image.tmdb.org/t/p/w500/yhIsVvcUm7QxzLfT6HW2wLf5ajY.jpg,https://image.tmdb.org/t/p/original/8zLS8p1tRyWFLRFfmgQq0j5WE6z.jpg,564
Remarkably Bright Creatures,Movie,Drama Mystery,"Through unlikely bonds formed during night shifts at a local aquarium, Tova, an elderly widow, learns of a life-changing discovery that may bring her joy and wonder once again.",8.522,https://image.tmdb.org/t/p/w500/9HcEqn3D4J6b2Z0jK54id9nA0fr.jpg,https://image.tmdb.org/t/p/original/bVGHSe47W6oCQL1Q88pvRAet51A.jpg,1330021
My Dearest Assassin,Movie,Action Drama Romance,"Hunted for her rare blood type, a caged woman vows to fight alongside the assassin she loves to protect their future when an old enemy resurfaces.",8.635,https://image.tmdb.org/t/p/w500/ul4dQcA68mtSx8J56N5gEcaCCtP.jpg,https://image.tmdb.org/t/p/original/xA6AM5MvEkieZKlv1Tn3sN23I7i.jpg,1630423
Aakhri Sawal,Movie,Drama Thriller,"Vicky, a brilliant but volatile scholar who ignites a national firestorm when he publicly accuses his legendary mentor, Professor Gopal Nadkarni, of institutional bias. What begins as a faculty dispute is quickly hijacked by a sensationalist news anchor and an ambitious political activist, turning a private disagreement into a televised ""intellectual trial"" watched by millions.",1.0,https://image.tmdb.org/t/p/w500/9CXBZH6sRJpFTMSaY3wj1jx98F4.jpg,https://image.tmdb.org/t/p/original/akZ9jTTzvBOx3CeTVCo9WyhxL5q.jpg,1600771
Dhurandhar,Movie,Action Crime Thriller,"A mysterious traveler slips into the heart of Karachi's underbelly and rises through its ranks with lethal precision, only to tear the notorious ISI-Underworld nexus apart from within.",7.12,https://image.tmdb.org/t/p/w500/8FHOtUpNIk5ZPEay2N2EY5lrxkv.jpg,https://image.tmdb.org/t/p/original/4DfxcN4w0FuYZHQ3JAHzpHWia1U.jpg,1291608
Accidental Partners,Movie,Comedy Romance Family,Two women discover they were both scammed by the same man (who also got them pregnant). They form an alliance to take revenge.,9.063,https://image.tmdb.org/t/p/w500/sr1Yoj6XLPTWYcbDoBy67xivW4I.jpg,https://image.tmdb.org/t/p/original/iCML6fBe3X0y06P33bM7dyYXPKZ.jpg,1632181
The Sheep Detectives,Movie,Comedy Family Mystery,"George Hardy is a shepherd who reads detective novels to his beloved sheep every night, assuming they can't possibly understand. But when a mysterious incident disrupts life on the farm, the sheep realize they must become the detectives. As they follow the clues and investigate human suspects, they prove that even sheep can be brilliant crime-solvers.",7.6,https://image.tmdb.org/t/p/w500/6QtL9rl3Zb4d8qW6EJ4qO5hSSfU.jpg,https://image.tmdb.org/t/p/original/a8uQvrplTkhGJQog6GZ6CqF8An6.jpg,1301421
Chand Mera Dil,Movie,Romance Drama,"Aarav and Chandni's passionate college romance is struck by adulthood far too soon, forcing the two young lovers to balance their ambitions with responsibility and realize the evolved meaning of love.",0.0,https://image.tmdb.org/t/p/w500/9LPkXJustudEBgPZEm9tgDx5KtC.jpg,https://image.tmdb.org/t/p/original/kkRpcauZoBFKnH0Qsy7J5qtwBF5.jpg,1371023
Ready or Not: Here I Come,Movie,Thriller Horror Comedy,"Moments after surviving an all-out attack from the Le Domas family, Grace discovers she’s reached the next level of the nightmarish game — and this time with her estranged sister Faith at her side. Grace has one chance to survive, keep her sister alive, and claim the High Seat of the Council that controls the world. Four rival families are hunting her for the throne, and whoever wins rules it all.",7.7,https://image.tmdb.org/t/p/w500/13ZcJzSGEqVgDSqsS9U5EkQwPkV.jpg,https://image.tmdb.org/t/p/original/9dMp9t0d0nIGhiil8TyqChwiNwA.jpg,1266127
Zootopia 2,Movie,Adventure Animation Comedy Family Mystery,"After cracking the biggest case in Zootopia's history, rookie cops Judy Hopps and Nick Wilde find themselves on the twisting trail of a great mystery when Gary De'Snake arrives and turns the animal metropolis upside down. To crack the case, Judy and Nick must go undercover to unexpected new parts of town, where their growing partnership is tested like never before.",7.6,https://image.tmdb.org/t/p/w500/oJ7g2CifqpStmoYQyaLQgEU32qO.jpg,https://image.tmdb.org/t/p/original/lgotja3xMoJZbynwHfcQcJAEMWH.jpg,1084242
After We Fell,Movie,Drama Romance,"Just as Tessa's life begins to become unglued, nothing is what she thought it would be. Not her friends nor her family. The only person that she should be able to rely on is Hardin, who is furious when he discovers the massive secret that she's been keeping. Before Tessa makes the biggest decision of her life, everything changes because of revelations about her family.",7.005,https://image.tmdb.org/t/p/w500/dU4HfnTEJDf9KvxGS9hgO7BVeju.jpg,https://image.tmdb.org/t/p/original/mxdiaM2tsx8M6W3zLgiPwAkhQfq.jpg,744275
The Boys,Series,Sci-Fi & Fantasy Action & Adventure,A group of vigilantes known informally as “The Boys” set out to take down corrupt superheroes with no more than blue-collar grit and a willingness to fight dirty.,8.46,https://image.tmdb.org/t/p/w500/in1R2dDc421JxsoRWaIIAqVI2KE.jpg,https://image.tmdb.org/t/p/original/bq28ajZaoMyzEIm6REelqyqtEDZ.jpg,76479
FROM,Series,Mystery Drama Sci-Fi & Fantasy,"Unravel the mystery of a nightmarish town in middle America that traps all those who enter. As the unwilling residents fight to keep a sense of normalcy and search for a way out, they must also survive the threats of the surrounding forest – including the terrifying creatures that come out when the sun goes down.",8.406,https://image.tmdb.org/t/p/w500/pRtJagIxpfODzzb0T0NAvZSzErC.jpg,https://image.tmdb.org/t/p/original/6gN8DYnIEln8v7OhRy61c57w0Xy.jpg,124364
Off Campus,Series,Drama,"Hannah Wells tutors hockey captain Garrett Graham to win over her crush. Their deal becomes real connection as they face their pasts. Friends Logan, Dean, Tucker, and Allie navigate college life and love.",9.1,https://image.tmdb.org/t/p/w500/cbODFqkcmRgrYH8NkG4Q4Hcg8Z1.jpg,https://image.tmdb.org/t/p/original/52sp0vPhLOWrZ1QoZIWiapronM.jpg,273240
Law & Order: Special Victims Unit,Series,Crime Drama Mystery,"In the criminal justice system, sexually-based offenses are considered especially heinous. In New York City, the dedicated detectives who investigate these vicious felonies are members of an elite squad known as the Special Victims Unit. These are their stories.",7.941,https://image.tmdb.org/t/p/w500/iofokHZoUB4Qhik4PflvJl8TT6a.jpg,https://image.tmdb.org/t/p/original/obtdxPgmfykYwVnvuYXC5f2xKlQ.jpg,2734
Berlin and the Lady with an Ermine,Series,Drama Crime Action & Adventure Comedy,"Hungry for a new heist, Berlin summons the gang to Seville and turns an ambitious duke into the victim of his own plan: to steal a da Vinci masterpiece.",8.407,https://image.tmdb.org/t/p/w500/sTumew0Q01ZHmFneA9cJRi3QUYC.jpg,https://image.tmdb.org/t/p/original/ntPgSYKwPg9xKO4VvLJYfInSyZa.jpg,308014
The Apothecary Diaries,Series,Animation Drama Mystery Anime,"Maomao lived a peaceful life with her apothecary father. Until one day, she's sold as a lowly servant to the emperor's palace. But she wasn't meant for a compliant life among royalty. So when imperial heirs fall ill, she decides to step in and find a cure! This catches the eye of Jinshi, a handsome palace official who promotes her. Now, she's making a name for herself solving medical mysteries!",8.586,https://image.tmdb.org/t/p/w500/e3ojpANrFnmJCyeBNTinYwyBCIN.jpg,https://image.tmdb.org/t/p/original/gffVOVZ2Y9cmVIZ26Gt9ByMGCYH.jpg,220542
The Rookie,Series,Crime Drama Comedy,"Starting over isn't easy, especially for small-town guy John Nolan who, after a life-altering incident, is pursuing his dream of being an LAPD officer. As the force's oldest rookie, he's met with skepticism from some higher-ups who see him as just a walking midlife crisis.",8.544,https://image.tmdb.org/t/p/w500/70kTz0OmjjZe7zHvIDrq2iKW7PJ.jpg,https://image.tmdb.org/t/p/original/6iNWfGVCEfASDdlNb05TP5nG0ll.jpg,79744
Law & Order,Series,Crime Drama,"In cases ripped from the headlines, police investigate serious and often deadly crimes, weighing the evidence and questioning the suspects until someone is taken into custody. The district attorney's office then builds a case to convict the perpetrator by proving the person guilty beyond a reasonable doubt. Working together, these expert teams navigate all sides of the complex criminal justice system to make New York a safer place.",7.3,https://image.tmdb.org/t/p/w500/haJ9eHytVO3H3JooMJG1DiWwDNm.jpg,https://image.tmdb.org/t/p/original/tc7canPSAn2X14hYi6Rl3gZm1o4.jpg,549
Grey's Anatomy,Series,Drama,Follows the personal and professional lives of a group of doctors at Seattle's Grey Sloan Memorial Hospital.,8.209,https://image.tmdb.org/t/p/w500/hjJkrLXhWvGHpLeLBDFznpBTY1S.jpg,https://image.tmdb.org/t/p/original/jP0Rhj9OTPDAwQlHQwOLFDdeE8t.jpg,1416
Supernatural,Series,Drama Mystery Sci-Fi & Fantasy,"When they were boys, Sam and Dean Winchester lost their mother to a mysterious and demonic supernatural force. Subsequently, their father raised them to be soldiers. He taught them about the paranormal evil that lives in the dark corners and on the back roads of America ... and he taught them how to kill it. Now, the Winchester brothers crisscross the country in their '67 Chevy Impala, battling every kind of supernatural threat they encounter along the way. ",8.307,https://image.tmdb.org/t/p/w500/8iixmfGx5EIFPdpNvB2JvI3VIqX.jpg,https://image.tmdb.org/t/p/original/ro0tlgnsco4SwbdAgmscLkSlMSL.jpg,1622
Euphoria,Series,Drama,"A group of high school students navigate love and friendships in a world of drugs, sex, trauma, and social media.",8.3,https://image.tmdb.org/t/p/w500/aJrG7OkoTMPWG5c8opz8a93AZPY.jpg,https://image.tmdb.org/t/p/original/mez2Z3WqlPKNXpi7mWoiiE5guE9.jpg,85552
Game of Thrones,Series,Sci-Fi & Fantasy Drama Action & Adventure,"Seven noble families fight for control of the mythical land of Westeros. Friction between the houses leads to full-scale war. All while a very ancient evil awakens in the farthest north. Amidst the war, a neglected military order of misfits, the Night's Watch, is all that stands between the realms of men and icy horrors beyond.",8.461,https://image.tmdb.org/t/p/w500/1XS1oqL89opfnbLl8WnZY1O1uJx.jpg,https://image.tmdb.org/t/p/original/2OMB0ynKlyIenMJWI2Dy9IWT4c.jpg,1399
NCIS,Series,Crime Drama Action & Adventure,"From murder and espionage to terrorism and stolen submarines, a team of special agents investigates any crime that has any connection to Navy and Marine Corps personnel, regardless of rank or position.",7.621,https://image.tmdb.org/t/p/w500/mBcu8d6x6zB1el3MPNl7cZQEQ31.jpg,https://image.tmdb.org/t/p/original/nn3SuLTO4hum8yAxaY4ql8h6kRk.jpg,4614
The Mentalist,Series,Crime Drama Mystery,"Patrick Jane, a former celebrity psychic medium, uses his razor sharp skills of observation and expertise at ""reading"" people to solve serious crimes with the California Bureau of Investigation.",8.351,https://image.tmdb.org/t/p/w500/acYXu4KaDj1NIkMgObnhe4C4a0T.jpg,https://image.tmdb.org/t/p/original/q3pCsNvJ7CmdJUz2sJEEUY3pOPC.jpg,5920
The Simpsons,Series,Family Animation Comedy,"Set in Springfield, the average American town, the show focuses on the antics and everyday adventures of the Simpson family; Homer, Marge, Bart, Lisa and Maggie, as well as a virtual cast of thousands. Since the beginning, the series has been a pop culture icon, attracting hundreds of celebrities to guest star. The show has also made name for itself in its fearless satirical take on politics, media and American life in general.",8.017,https://image.tmdb.org/t/p/w500/uWpG7GqfKGQqX4YMAo3nv5OrglV.jpg,https://image.tmdb.org/t/p/original/jIArNHIekrCSVgdMbKPAXpPY03Y.jpg,456
Criminal Minds,Series,Crime Drama Mystery,"An elite team of FBI profilers analyze the country's most twisted criminal minds, anticipating their next moves before they strike again. The Behavioral Analysis Unit's most experienced agent is David Rossi, a founding member of the BAU who returns to help the team solve new cases.",8.3,https://image.tmdb.org/t/p/w500/gigxjNnACiXAfrwoMox5WJFgc0I.jpg,https://image.tmdb.org/t/p/original/65Y6PweSvQ1OOFBzStybjipURRP.jpg,4057
Running Man,Series,Comedy Reality,"These days, as variety shows are gradually disappearing, this is one of Korea’s representative variety shows that has been responsible for Sunday evenings for over 10 years. This program features numerous stars and members going around various places, playing games, and completing missions. In particular, among the many fun elements of variety shows, this one focuses solely on laughter.

Open your eyes! Big fun is coming in!

Open your mouth! Big laughter is coming in!

Open your heart! Useful lessons are coming in!",8.2,https://image.tmdb.org/t/p/w500/2Wmmu1MkqxJ48J7aySET9EKEjXz.jpg,https://image.tmdb.org/t/p/original/wsHj4oHQJoe7DMYaqNFwVoyLiAh.jpg,33238
Twinkle Love,Series,Reality,"A reality show where 10  youths in their early 20s that recently graduated university will go on a graduation trip together. They have different personalities and different backgrounds but with time spent with each other, they form friendships and relationships.",0.0,https://image.tmdb.org/t/p/w500/eCtD0KAa5rRNMnvB4KvLYD4ntRk.jpg,https://image.tmdb.org/t/p/original/we0PMkWfv10Sm9BsxxOYRmboEv6.jpg,206122
Family Guy,Series,Animation Comedy,"Sick, twisted, politically incorrect and Freakin' Sweet animated series featuring the adventures of the dysfunctional Griffin family. Bumbling Peter and long-suffering Lois have three kids. Stewie (a brilliant but sadistic baby bent on killing his mother and taking over the world), Meg (the oldest, and is the most unpopular girl in town) and Chris (the middle kid, he's not very bright but has a passion for movies). The final member of the family is Brian - a talking dog and much more than a pet, he keeps Stewie in check whilst sipping Martinis and sorting through his own life issues.",7.399,https://image.tmdb.org/t/p/w500/3PFsEuAiyLkWsP4GG6dIV37Q6gu.jpg,https://image.tmdb.org/t/p/original/l7wShoIdIUwaDIbsHno9pO5MZXT.jpg,1434
Midsomer Murders,Series,Crime Drama Mystery,"The peacefulness of the Midsomer community is shattered by violent crimes, suspects are placed under suspicion, and it is up to a veteran DCI and his young sergeant to calmly and diligently eliminate the innocent and ruthlessly pursue the guilty. ",7.5,https://image.tmdb.org/t/p/w500/pz7tsWxe0TTdfJnWPjZAEnrSl5M.jpg,https://image.tmdb.org/t/p/original/qVmgq1KXBp6BF2EqYPPaUG9iUGy.jpg,764
CSI: Crime Scene Investigation,Series,Crime Drama Mystery,"A Las Vegas team of forensic investigators are trained to solve criminal cases by scouring the crime scene, collecting irrefutable evidence and finding the missing pieces that solve the mystery.",7.637,https://image.tmdb.org/t/p/w500/i5hmoRjHNWady4AtAGICTUXknKH.jpg,https://image.tmdb.org/t/p/original/cvlLBcQWpO9X21jDHhgPJnE2aVq.jpg,1431
The Blacklist,Series,Drama Crime Mystery,"Raymond ""Red"" Reddington, one of the FBI's most wanted fugitives, surrenders in person at FBI Headquarters in Washington, D.C. He claims that he and the FBI have the same interests: bringing down dangerous criminals and terrorists. In the last two decades, he's made a list of criminals and terrorists that matter the most but the FBI cannot find because it does not know they exist. Reddington calls this ""The Blacklist"". Reddington will co-operate, but insists that he will speak only to Elizabeth Keen, a rookie FBI profiler.",7.636,https://image.tmdb.org/t/p/w500/4HTfd1PhgFUenJxVuBDNdLmdr0c.jpg,https://image.tmdb.org/t/p/original/2eIlCirgcvEwmCSYh2wDfz5Sxvz.jpg,46952
Dutton Ranch,Series,Western Drama,"Rip Wheeler and Beth Dutton gamble everything on a new life in South Texas, but the promise of building a future far from the ghosts of Yellowstone quickly collides with brutal new realities and a rival ranch that will stop at nothing to protect its empire.",9.404,https://image.tmdb.org/t/p/w500/xsiecCxd8lkcAluw0wWwbW5CwSv.jpg,https://image.tmdb.org/t/p/original/ewlmL0nxo2lLqBj69upgp2gjHpV.jpg,299167
Shameless,Series,Drama Comedy,"Chicagoan Frank Gallagher is the proud single dad of six smart, industrious, independent kids, who without him would be... perhaps better off. When Frank's not at the bar spending what little money they have, he's passed out on the floor. But the kids have found ways to grow up in spite of him. They may not be like any family you know, but they make no apologies for being exactly who they are.",8.162,https://image.tmdb.org/t/p/w500/ifo31fMWLmyOVpdak9K0kY4jldQ.jpg,https://image.tmdb.org/t/p/original/5s9XHTB9SLPdg3mNU6BlSLnZ9Qq.jpg,34307
Overflow,Series,Animation Anime,"Kazushi Sudou is a university student who is visited by his two childhood friends, the sisters Ayane and Kotone Shirakawa. When Ayane discovers that Kazushi not only forgot to buy her pudding but is also using her special lotion in the bath, she decides to take revenge and join Kazushi in his bath along with Kotone. Will the perverted Kazushi be able to remain indifferent to them both?",7.4,https://image.tmdb.org/t/p/w500/8RtwL5gxUvh9YViqjhNlVRvJpum.jpg,https://image.tmdb.org/t/p/original/4NRBKA8qVzCvuD3WeLieiLGmIjm.jpg,95897
Rick and Morty,Series,Animation Comedy Sci-Fi & Fantasy Action & Adventure,Follows a sociopathic genius scientist who drags his inherently timid grandson on adventures across the universe.,8.675,https://image.tmdb.org/t/p/w500/WGRQ8FpjkDTzivQJ43t94bOuY0.jpg,https://image.tmdb.org/t/p/original/zJZfxi8X3XPHAhxXseRugtnNVtt.jpg,60625
Bones,Series,Crime Drama,"Dr. Temperance Brennan and her colleagues at the Jeffersonian's Medico-Legal Lab assist Special Agent Seeley Booth with murder investigations when the remains are so badly decomposed, burned or destroyed that the standard identification methods are useless.",8.2,https://image.tmdb.org/t/p/w500/eyTu5c8LniVciRZIOSHTvvkkgJa.jpg,https://image.tmdb.org/t/p/original/4AXxajuAz9tHAOe6h5zDg8z1X2s.jpg,1911
House,Series,Drama,"Dr. Gregory House, a drug-addicted, unconventional, misanthropic medical genius, leads a team of diagnosticians at the fictional Princeton–Plainsboro Teaching Hospital in New Jersey.",8.568,https://image.tmdb.org/t/p/w500/3Cz7ySOQJmqiuTdrc6CY0r65yDI.jpg,https://image.tmdb.org/t/p/original/r0Q6eeN9L1ORL9QsV0Sg8ZV3vnv.jpg,1408
Stranger Things,Series,Action & Adventure Mystery Sci-Fi & Fantasy,"When a young boy vanishes, a small town uncovers a mystery involving secret experiments, terrifying supernatural forces, and one strange little girl.",8.6,https://image.tmdb.org/t/p/w500/uOOtwVbSr4QDjAGIifLDwpb2Pdl.jpg,https://image.tmdb.org/t/p/original/56v2KjBlU4XaOv9rVYEQypROD7P.jpg,66732
The Boroughs,Series,Sci-Fi & Fantasy Mystery,"In a seemingly perfect retirement community, a crew of unlikely heroes must stop an otherworldly threat from stealing the one thing they don't have: time.",7.276,https://image.tmdb.org/t/p/w500/oKxBWbXmnWFO2Wh1QRTtshdfIRa.jpg,https://image.tmdb.org/t/p/original/iftYIh1OjJb99EOTHIrDcx59zWb.jpg,224941
Tracker,Series,Drama Crime,"Lone-wolf survivalist Colter Shaw roams the country as a “reward seeker,” using his expert tracking skills to help private citizens and law enforcement solve all manner of mysteries while contending with his own fractured family.",7.521,https://image.tmdb.org/t/p/w500/otula4h1ITZ0eV84eg7Lb8u614C.jpg,https://image.tmdb.org/t/p/original/5C5cMYUlmX6BU5YxBqhp7ZpSd3Q.jpg,211288
The WONDERfools,Series,Action & Adventure Comedy Sci-Fi & Fantasy Drama,"A goofy group of townies stumbles into superpowers and fights rising evil as doomsday panic grows in this wild, turn-of-the-century action comedy.",9.235,https://image.tmdb.org/t/p/w500/jj7AYkz2OLRDL1wfJmjTXyWQ5I4.jpg,https://image.tmdb.org/t/p/original/y2u7d8evmnTivi3LaVql01Sfea4.jpg,259837
Two Husbands One Wife,Series,Drama,"When a man's ex suggests a three-person marriage with her boyfriend, the trio face jealousy, social stigma and intimacy issues in their unique setup.",6.8,https://image.tmdb.org/t/p/w500/jtfpphgNCoXCeZBE06ui6ipigv7.jpg,https://image.tmdb.org/t/p/original/qxUGZru2ECF6eYeTATj8a3mn4lX.jpg,287429
Kamen Rider,Series,Action & Adventure Sci-Fi & Fantasy Drama,"Takeshi Hongo is a promising young man with a passion for motorcycle racing. However, his dreams are suddenly ruined when he gets kidnapped by Shocker, the evil secret organization planning to dominate the world. After being remodeled into a cyborg, Takeshi escapes and swears to protect the world from the inhuman monsters.",6.389,https://image.tmdb.org/t/p/w500/2DIBDFHiKQawz4WPsYekl9DHwyA.jpg,https://image.tmdb.org/t/p/original/usLRh1bcbL0Q9X8zf6rL4OV1qrA.jpg,2661
Smallville,Series,Sci-Fi & Fantasy Action & Adventure Drama,The origins of the world’s greatest hero–from Krypton refugee Kal-el’s arrival on Earth through his tumultuous teen years to Clark Kent’s final steps toward embracing his destiny as the Man of Steel.,8.187,https://image.tmdb.org/t/p/w500/mHZSq8LA5Dt48JjaOZ5tcPXQRVN.jpg,https://image.tmdb.org/t/p/original/4wVq9ICc4MI2XcssrumpCOhKLpI.jpg,4604
American Dad!,Series,Animation Comedy,"The series focuses on an eccentric motley crew that is the Smith family and their three housemates: Father, husband, and breadwinner Stan Smith; his better half housewife, Francine Smith; their college-aged daughter, Hayley Smith; and their high-school-aged son, Steve Smith. Outside of the Smith family, there are three additional main characters, including Hayley's boyfriend turned husband, Jeff Fischer; the family's man-in-a-goldfish-body pet, Klaus; and most notably the family's zany alien, Roger, who is ""full of masquerades, brazenness, and shocking antics.""",7.001,https://image.tmdb.org/t/p/w500/eb9sH2am9IUSQ8GhXTNAVoujk8W.jpg,https://image.tmdb.org/t/p/original/iixxhk3ycXmFqBn616pAsC3lu53.jpg,1433
Miraculous: Tales of Ladybug & Cat Noir,Series,Action & Adventure Animation Kids,"Marinette and Adrien, two Parisian teenagers, are entrusted with powerful jewels in order to transform into superheroes Ladybug and Cat Noir. But neither hero knows the other's true identity — or that they're classmates!",8.1,https://image.tmdb.org/t/p/w500/acrtAy8gmxcsEvrDP09MpMSCeDZ.jpg,https://image.tmdb.org/t/p/original/lH22EnM0ofC7GsVGU8dAA2RXV1c.jpg,65334
The Shawshank Redemption,Movie,Drama,"Framed in the 1940s for the double murder of his wife and her lover, upstanding banker Andy Dufresne begins a new life at the Shawshank prison, where he puts his accounting skills to work for an amoral warden.",9.3,https://image.tmdb.org/t/p/w500/9cqN02G48sinqi7Ww6p7rl97c0r.jpg,,278
The Godfather,Movie,Drama Crime,"Spanning the years 1945 to 1955, a chronicle of the fictional Italian-American Corleone crime family. When organized crime family patriarch, Vito Corleone survives a assassination attempt, his youngest son, Michael steps in to take care of the killers.",9.2,https://image.tmdb.org/t/p/w500/3bhkrj6UGV2kL8t2Z0y9o1pcwU1.jpg,,238
Pulp Fiction,Movie,Thriller Crime,"A burger-loving hitman, his philosophical partner, a drug-addled gangster's moll, and a washed-up boxer converge in this sprawling, comedic crime caper.",8.9,https://image.tmdb.org/t/p/w500/f1ywCS5o22G1zRLkEDy4EQ8ox2Y.jpg,,680
The Matrix,Movie,Sci-Fi Action,"Set in the 22nd century, The Matrix tells the story of a computer hacker who joins a group of underground insurgents fighting the vast and powerful computers who now rule the earth.",8.7,https://image.tmdb.org/t/p/w500/f89U3wzqrwqxmg46n444wDGnIV8.jpg,,603
Gladiator,Movie,Action Adventure Drama,"In the year 180, the death of Emperor Marcus Aurelius throws the Roman Empire into chaos. Maximus is one of the Roman army's most capable and trusted generals and a key advisor to the Emperor. As Marcus' devious son Commodus ascends to the throne, Maximus is set to be executed.",8.5,https://image.tmdb.org/t/p/w500/ty8hDCcc4Ty5gZ62o20med4o16r.jpg,,98
The Lord of the Rings: The Fellowship of the Ring,Movie,Fantasy Adventure Action,"Young hobbit Frodo Baggins, after inheriting a mysterious ring from his uncle Bilbo, must leave his home in order to destroy it before it falls into the hands of its creator, the evil Sauron.",8.8,https://image.tmdb.org/t/p/w500/6oom5QDNv2DYIe2OI16yee8ZRM3.jpg,,120
The Lord of the Rings: The Two Towers,Movie,Fantasy Adventure Action,"Frodo and Samwise press on toward Mordor in their quest to destroy the One Ring, while their former companions make new alliances and launch an attack on Isengard.",8.8,https://image.tmdb.org/t/p/w500/5VTvK2c2jFSViKWV02KW27J8jja.jpg,,121
The Lord of the Rings: The Return of the King,Movie,Fantasy Adventure Action,"Aragorn is revealed as the heir to the ancient kings as he, Gandalf and the other members of the broken fellowship struggle to save Gondor from Sauron's forces.",8.9,https://image.tmdb.org/t/p/w500/rCzpDGLbOoZwzb77jUpz5tS67Ft.jpg,,122
Star Wars: Episode IV - A New Hope,Movie,Sci-Fi Adventure Action,"Luke Skywalker joins forces with a Jedi Knight, a cocky pilot, a Wookiee and two droids to save the galaxy from the Empire's world-destroying battle station, while also attempting to rescue Princess Leia from the mysterious Darth Vader.",8.6,https://image.tmdb.org/t/p/w500/6FfNj45YF1e6tAdw70A4ANtiG6Y.jpg,,11
Star Wars: Episode V - The Empire Strikes Back,Movie,Sci-Fi Adventure Action,"After the rebels are brutally overpowered by the Empire on the ice planet Hoth, Luke Skywalker begins Jedi training with Yoda, while his friends are pursued by Darth Vader.",8.7,https://image.tmdb.org/t/p/w500/2u76gdG5Eg5LEui97wIkbgSS3kr.jpg,,1891
Forrest Gump,Movie,Drama Romance Comedy,"A man with a low IQ has accomplished great things in his life and been present during significant historic events—in each case, far exceeding what anyone imagined.",8.8,https://image.tmdb.org/t/p/w500/arw2vcJzHfh6xyz0jIIHqgsCs02.jpg,,13
Fight Club,Movie,Drama Thriller,"A ticking-time-bomb insomniac and a slippery soap salesman channel male aggression into a shocking new form of therapy. Their concept catches on, with underground ""fight clubs"" forming in every town.",8.4,https://image.tmdb.org/t/p/w500/pB8TCzE6H8AlvxV2NA9f5L4jC0F.jpg,,550
Se7en,Movie,Crime Thriller Mystery,"Two detectives, a rookie and a veteran, hunt a serial killer who uses the seven deadly sins as his motifs.",8.6,https://image.tmdb.org/t/p/w500/6yogEg1ms7n2nQCgf0QLOI5i4Eg.jpg,,807
Goodfellas,Movie,Drama Crime,"The true story of Henry Hill, his friends, and his family in the mob, who rises from petty criminal to gangster in a Brooklyn neighborhood.",8.5,https://image.tmdb.org/t/p/w500/aKuFiTYKU2EPn2faJ4jFCrClw6E.jpg,,769
The Silence of the Lambs,Movie,Thriller Crime Horror,"A young FBI cadet must receive the help of an incarcerated and manipulative cannibal killer to help catch another serial killer, a madman who skins his victims.",8.5,https://image.tmdb.org/t/p/w500/uS1SkNzs4t66tvg2j2JZ4663CXu.jpg,,274
The Green Mile,Movie,Drama Fantasy Crime,"A supernatural tale set on death row in a Southern prison, where gentle giant John Coffey possesses the mysterious power to heal people's ailments.",8.5,https://image.tmdb.org/t/p/w500/o0mOXZ7hyJz2tZFyJk2iG75g7mY.jpg,,383
Schindler's List,Movie,Drama History War,"The true story of enigmatic businessman Oskar Schindler, who saved the lives of more than 1100 Jews during the Holocaust.",8.6,https://image.tmdb.org/t/p/w500/sF1w4jeJ24aarXui6KzSbly56YF.jpg,,424
Saving Private Ryan,Movie,Drama History War,"As U.S. troops storm the beaches of Normandy, three brothers are killed in action. A captain and his squad are sent behind enemy lines to retrieve the remaining brother, Private James Ryan.",8.4,https://image.tmdb.org/t/p/w500/uq434rJW56m676ub3B46LIyqq1f.jpg,,857
Parasite,Movie,Drama Thriller Comedy,"All unemployed, Ki-taek's family takes peculiar interest in the wealthy and glamorous Parks for their livelihood until they get entangled in an unexpected incident.",8.5,https://image.tmdb.org/t/p/w500/7IiTTj0Z9n0KCuwcZa265N2QxCI.jpg,,496243
Whiplash,Movie,Drama Music,A promising young drummer enrolls at a cut-throat music conservatory where his dreams of greatness are mentored by an instructor who will stop at nothing to realize a student's potential.,8.4,https://image.tmdb.org/t/p/w500/o56vBwZay75wRcl7vhp8f4XAr9t.jpg,,244786
The Prestige,Movie,Drama Mystery Thriller Sci-Fi,"Two stage magicians in fin-de-siecle London engage in a battle of one-upmanship, escalating into an obsession with creating the ultimate illusion.",8.2,https://image.tmdb.org/t/p/w500/bdN3gXu444LaEVuQ5gg63s95L1t.jpg,,1124
Django Unchained,Movie,Western Drama,"With the help of a German bounty hunter, a freed slave sets out to rescue his wife from a brutal Mississippi plantation owner.",8.2,https://image.tmdb.org/t/p/w500/7oWY8TxR3j1DUHpaRjuxi36nAxk.jpg,,68718
Alien,Movie,Sci-Fi Horror Thriller,"During its return voyage, the commercial spaceship Nostromo receives a distress signal from a distant planet. The crew is forced to investigate, unknowingly bringing a deadly extraterrestrial life form aboard.",8.1,https://image.tmdb.org/t/p/w500/vfrQk5IP3o7vFc9Rs0HM3N1mSL1.jpg,,348
Aliens,Movie,Sci-Fi Horror Action Thriller,"When communication is lost with a terraforming colony, Ripley joins a squad of colonial marines to return to the planet and investigate.",8.0,https://image.tmdb.org/t/p/w500/r1x02JW65W9rp5158869Ecu420B.jpg,,679
The Terminator,Movie,Sci-Fi Action Thriller,A cyborg assassin is sent back in time to murder a woman whose unborn son is destined to save humanity from an artificial intelligence in a post-apocalyptic future.,7.7,https://image.tmdb.org/t/p/w500/oZ4RNSLD406Up9ld96Zg8n5t58h.jpg,,218
Terminator 2: Judgment Day,Movie,Sci-Fi Action Thriller,A reprogrammed Terminator is sent back in time to protect a young John Connor from a more advanced liquid-metal cyborg.,8.1,https://image.tmdb.org/t/p/w500/5M0j2N1QL7ggJ4nGhARev2bHb9Q.jpg,,280
Jurassic Park,Movie,Sci-Fi Adventure Action,A pragmatic paleontologist visiting an almost complete theme park on an island is tasked with protecting a couple of kids after a power failure causes the park's cloned dinosaurs to run loose.,8.0,https://image.tmdb.org/t/p/w500/oKuWqoU6uU189d2HCV2nS491j2x.jpg,,329
Avatar,Movie,Sci-Fi Action Adventure Fantasy,A paraplegic Marine dispatched to the moon Pandora on a unique mission becomes torn between following his orders and protecting the world he feels is his home.,7.5,https://image.tmdb.org/t/p/w500/6EiRUjIrw7AV3eXOCQBDjoZsEDu.jpg,,19995
Titanic,Movie,Drama Romance,"A seventeen-year-old aristocrat falls in love with a kind but poor artist aboard the luxurious, ill-fated R.M.S. Titanic.",7.9,https://image.tmdb.org/t/p/w500/9kxwgoF7ic295CcR35J7QQ14oQ8.jpg,,597
Avengers: Endgame,Movie,Sci-Fi Action Adventure,"After the devastating events of Avengers: Infinity War, the universe is in ruins. With the help of remaining allies, the Avengers assemble once more in order to reverse Thanos' actions and restore balance to the universe.",8.3,https://image.tmdb.org/t/p/w500/or06eZT70skyZ2VA4t0v40qgjsZ.jpg,,299534
Avengers: Infinity War,Movie,Sci-Fi Action Adventure,"As the Avengers and their allies have continued to protect the world from threats too large for any one hero to handle, a new danger has emerged from the cosmic shadows: Thanos.",8.3,https://image.tmdb.org/t/p/w500/7WsyCh6Z4ioOJDHMjHkQ37U3HsL.jpg,,299536
The Dark Knight Rises,Movie,Action Crime Thriller,"Eight years after the Joker's reign of anarchy, Batman is forced from his exile by the mysterious Selina Kyle and the brutal guerrilla terrorist Bane.",7.8,https://image.tmdb.org/t/p/w500/v5xJ6QhuI944o4Hf7iQ1V63rJap.jpg,,49026
Batman Begins,Movie,Action Crime Drama,"Driven by tragedy, billionaire Bruce Wayne dedicates his life to fighting crime in Gotham City, training under a mysterious league of assassins.",7.7,https://image.tmdb.org/t/p/w500/dr6xvlCVIM86KJ1eJeIBGj8B44q.jpg,,272
Psycho,Movie,Thriller Horror Mystery,A secretary on the run checks into a remote motel run by a polite young man under the thumb of his domineering mother.,8.4,https://image.tmdb.org/t/p/w500/8GB6wzVjC051515v3JcK8NcsPef.jpg,,239
Rear Window,Movie,Mystery Thriller,A wheelchair-bound photographer spies on his neighbors from his apartment window and becomes convinced one of them has committed murder.,8.4,https://image.tmdb.org/t/p/w500/IL535bWdY4r4pY5Vscg5s333lC.jpg,,567
Casablanca,Movie,Drama Romance War,"In World War II Casablanca, an expatriate nightclub owner is torn between helping his former lover and her rebel husband escape the city.",8.3,https://image.tmdb.org/t/p/w500/546bJ92c1fS03T7wXwN5Y399c0Y.jpg,,289
Back to the Future,Movie,Sci-Fi Adventure Comedy,"A teenager is accidentally sent 30 years into the past in a time-traveling sports car, where he must ensure his parents fall in love to save his own existence.",8.3,https://image.tmdb.org/t/p/w500/7mo656602y05D95C2Adw7ADAd9d.jpg,,105
Raiders of the Lost Ark,Movie,Adventure Action,An archaeology professor is hired by the government to locate the legendary Ark of the Covenant before it falls into hostile hands.,7.9,https://image.tmdb.org/t/p/w500/ceG9267w81w81D725j9dAd4b9e.jpg,,85
The Departed,Movie,Drama Crime Thriller,An undercover cop and a mole in the police force attempt to identify each other while infiltrating an Irish gang in Boston.,8.2,https://image.tmdb.org/t/p/w500/3E5G535z0fW3C5Y9o21Pcs9tK4y.jpg,,1422
Good Will Hunting,Movie,Drama,An unrecognized math genius working as a janitor at MIT is guided by a compassionate therapist to overcome his troubled past.,8.1,https://image.tmdb.org/t/p/w500/b7h87Ccc524n04G3O26ccl1s9.jpg,,489
Léon: The Professional,Movie,Drama Crime Thriller,"A professional assassin takes in a young girl after her family is murdered, teaching her his trade as they form a unique bond.",8.3,https://image.tmdb.org/t/p/w500/w22y5G5Fz788A8tN5Y39o21Pcs.jpg,,101
The Lion King,Movie,Drama Adventure Animation Family,"A young lion prince is cast out after his father's murder, only to return years later to reclaim his throne and restore balance to the kingdom.",8.3,https://image.tmdb.org/t/p/w500/sF1w4jeJ24aarXui6KzSbly56YF.jpg,,8587
Spider-Man: Into the Spider-Verse,Movie,Sci-Fi Action Adventure Animation,A teenager gains superpowers and joins forces with alternate-universe Spider-heroes to stop a threat that could destroy reality.,8.4,https://image.tmdb.org/t/p/w500/ii28a45YF1e6tAdw70A4ANtiG6Y.jpg,,324857
Toy Story,Movie,Adventure Comedy Animation Family,A cowboy doll's position as a boy's favorite toy is threatened by the arrival of a high-tech space ranger.,8.0,https://image.tmdb.org/t/p/w500/uS1SkNzs4t66tvg2j2JZ4663CXu.jpg,,862
WALL·E,Movie,Sci-Fi Adventure Animation Family,A small waste-collecting robot on a deserted Earth embarks on a space adventure that will decide the fate of humanity.,8.0,https://image.tmdb.org/t/p/w500/9kxwgoF7ic295CcR35J7QQ14oQ8.jpg,,10681
"Monsters, Inc.",Movie,Comedy Adventure Animation Family,Two professional monster-scarers find their lives thrown into chaos when a human child accidentally enters their world.,7.8,https://image.tmdb.org/t/p/w500/3bhkrj6UGV2kL8t2Z0y9o1pcwU1.jpg,,585
Finding Nemo,Movie,Adventure Comedy Animation Family,A neurotic clownfish travels across the ocean to find his son who was captured by a diver and put in a dentist's aquarium.,7.8,https://image.tmdb.org/t/p/w500/f1ywCS5o22G1zRLkEDy4EQ8ox2Y.jpg,,12
Inside Out,Movie,Comedy Drama Animation Family,The five personified emotions of a young girl struggle to guide her through a difficult cross-country move.,7.9,https://image.tmdb.org/t/p/w500/7oWY8TxR3j1DUHpaRjuxi36nAxk.jpg,,150540
Spirited Away,Movie,Fantasy Adventure Animation Family Anime,A young girl is trapped in a mysterious bathhouse for spirits and must find a way to free herself and her parents.,8.5,https://image.tmdb.org/t/p/w500/3bhkrj6UGV2kL8t2Z0y9o1pcwU1.jpg,,129
Ladies First,Movie,Comedy Fantasy,"An arrogant but charismatic ladies' man finds his life of money, power and casual flings upended when he wakes up in a parallel world dominated by women.",5.8,https://image.tmdb.org/t/p/w500/kjR56Yv17pbjTVBTMjqepvcus4f.jpg,https://image.tmdb.org/t/p/original/bOy625BjpCskOWnx3tD09MsKVCb.jpg,1368881
Karuppu,Movie,Fantasy Action Drama,"In a world where justice falters, guardian deity Vettai Karuppu takes the guise of a lawyer to battle a corrupt legal system preying on the powerless. Karuppu blends action, justice, and myth into a gripping supernatural drama.",7.4,https://image.tmdb.org/t/p/w500/k71MULHG8q9ThhFL1fcdAcOporW.jpg,https://image.tmdb.org/t/p/original/1eAuwNBy34kkM3xkl202z4f1NiI.jpg,1367220
Damage,Movie,Drama Romance,The life of a respected British politician at the height of his career crumbles when he becomes obsessed with his son's lover.,6.566,https://image.tmdb.org/t/p/w500/alf3JOPP7EYP0iO24gwe5YfRnqo.jpg,https://image.tmdb.org/t/p/original/krhj4Fhb0G3QCmyBtEADxgFFmRX.jpg,11012
Madness,Movie,Thriller Action Crime,"An escaped convicted murderer invades the cottage of a man, his wife and the wife's sister, whereupon he proceeds to torment this already dysfunctional trio with rape and violence.",4.903,https://image.tmdb.org/t/p/w500/gV0J0Fqw2mYMtQbzb0ruxv9MAeZ.jpg,https://image.tmdb.org/t/p/original/7TJjD2X9GTEqyLVIJKLS85J2V47.jpg,28322
Yellowstone,Series,Western Drama,"Follow the violent world of the Dutton family, who controls the largest contiguous ranch in the United States. Led by their patriarch John Dutton, the family defends their property against constant attack by land developers, an Indian reservation, and America’s first National Park.",8.261,https://image.tmdb.org/t/p/w500/vOYfRZ0NpUK5hG2CB2dJFnYJlGe.jpg,https://image.tmdb.org/t/p/original/ynSOcgDLZfdLCZfRSYZGiTgYJVo.jpg,73586
S.W.A.T.,Series,Crime Action & Adventure Drama,"A Los Angeles S.W.A.T. sergeant is assigned to lead a highly skilled unit in the community where he grew up. Torn between loyalty to the streets, where the cops are sometimes the enemy, and allegiance to his brothers in blue, he strategically straddles the two worlds.",8.046,https://image.tmdb.org/t/p/w500/ttzrYMdsKWR8PTRLw7uo4noqaOJ.jpg,https://image.tmdb.org/t/p/original/7j4ug9B6JXVeh5HhQjjPScrdj4Z.jpg,71790
Renegade Immortal,Series,Action & Adventure Animation Drama Sci-Fi & Fantasy,"It tells the story of Wang Lin, an ordinary young man in the countryside, who is moved by his heart and cultivates against immortality. His pursuit is not only for longevity, but also for getting rid of the ants behind it. He firmly believed in human beings and entered the path of cultivation with mediocre qualifications. After experiencing ups and downs, with his wise mind, he gradually reached the pinnacle and became famous in the cultivation world with his own strength.",8.7,https://image.tmdb.org/t/p/w500/2jEJSCLFjniFT7z4YvyY9Ywo1lc.jpg,https://image.tmdb.org/t/p/original/9R3tyMeAEvY53Da6fVguBEVlfxE.jpg,223911
The Tonight Show Starring Johnny Carson,Series,Talk,"The Tonight Show Starring Johnny Carson is a talk show hosted by Johnny Carson under The Tonight Show franchise from 1962 to 1992. It originally aired during late-night. For its first ten years, Carson's Tonight Show was based in New York City with occasional trips to Burbank, California; in May 1972, the show moved permanently to Burbank, California. In 2002, The Tonight Show Starring Johnny Carson was ranked #12 on TV Guide's 50 Greatest TV Shows of All Time.",7.533,https://image.tmdb.org/t/p/w500/uSvET5YUvHNDIeoCpErrbSmasFb.jpg,https://image.tmdb.org/t/p/original/qFfWFwfaEHzDLWLuttWiYq7Poy2.jpg,2261
Tagesschau,Series,News,"German daily news program, the oldest still existing program on German television.",6.759,https://image.tmdb.org/t/p/w500/7dFZJ2ZJJdcmkp05B9NWlqTJ5tq.jpg,https://image.tmdb.org/t/p/original/jWXrQstj7p3Wl5MfYWY6IHqRpDb.jpg,94722
The Daily Show,Series,News Comedy,"The World's Fakest News Team tackle the biggest stories in news, politics and pop culture.",6.419,https://image.tmdb.org/t/p/w500/ixcfyK7it6FjRM36Te4OdblAq4X.jpg,https://image.tmdb.org/t/p/original/qLMfcvdCcCGD2BNLH8b6ZCBuO7D.jpg,2224
The Tonight Show Starring Jimmy Fallon,Series,Comedy Talk,"After Jay Leno's second retirement from the program, Jimmy Fallon stepped in as his permanent replacement. After 42 years in Los Angeles the program was brought back to New York.",5.86,https://image.tmdb.org/t/p/w500/1N4o5PmmqhlVDrcdJ2RlCFWbLGX.jpg,https://image.tmdb.org/t/p/original/7VO04TtL1jIT6XOPs9u4jdB8KaB.jpg,59941
Bhooth Bangla,Movie,Horror Comedy,"A man inherits a palace in rural Mangalpur and plans his sister's wedding there, but strange supernatural events and panicked locals force him to investigate the property's mysterious past.",6.5,https://image.tmdb.org/t/p/w500/79RBp8afL4u4z3nVGR78z6eIvBB.jpg,https://image.tmdb.org/t/p/original/A2tzVTVtnTvpji96IZmleN78KKv.jpg,1239134
The Last Supper,Movie,Horror,"In a deserted house, a mysterious man savors an exquisite menu in the company of an unseen guest. From this eerie dinner table, a succession of terrifying stories is revealed-each probing primal fears of hunger, flesh, and survival.",0.0,https://image.tmdb.org/t/p/w500/6rGa9huzhmG1i2iu2Vcyv5HI02t.jpg,,1663082
Mexican Psycho,Movie,Thriller Horror,"Follows an ""ultra-violent and intelligent"" psychopath who challenges the police by leaving a white paper rabbit at each crime scene, connecting them all.",7.643,https://image.tmdb.org/t/p/w500/7tIgfsTWuzXKR2kLRUPrLRTbcuo.jpg,https://image.tmdb.org/t/p/original/82hjEm0x5Val6nCwExwlawdfwLJ.jpg,1639398
The Housemaid,Movie,Mystery Thriller,"Trying to escape her past, Millie Calloway accepts a job as a live-in housemaid for the wealthy Nina and Andrew Winchester. But what begins as a dream job quickly unravels into something far more dangerous—a sexy, seductive game of secrets, scandal, and power.",7.26,https://image.tmdb.org/t/p/w500/cWsBscZzwu5brg9YjNkGewRUvJX.jpg,https://image.tmdb.org/t/p/original/zTnAnYIn0Iv3cn0ZHlzLhou3ybm.jpg,1368166
Shelter,Movie,Action Crime Thriller,"A man living in self-imposed exile on a remote island rescues a young girl from a violent storm, setting off a chain of events that forces him out of seclusion to protect her from enemies tied to his past.",7.618,https://image.tmdb.org/t/p/w500/buPFnHZ3xQy6vZEHxbHgL1Pc6CR.jpg,https://image.tmdb.org/t/p/original/nHxWyy18SvAZ8jJeemtS8k1UNjM.jpg,1290821
Avatar Aang: The Last Airbender,Movie,Animation Action Adventure Fantasy,"Avatar Aang, the world's last Airbender, learns of an ancient power that could save his culture from extinction. With the help of his friends, he embarks on a global quest to find it before it falls into the wrong hands and threatens to upend the peace they sacrificed everything to achieve.",0.0,https://image.tmdb.org/t/p/w500/29Jdsak3SrwGds5k1t43kH6Khed.jpg,https://image.tmdb.org/t/p/original/sS3zGYFPcfM5pArVNWl6qLyaSmU.jpg,980431
Disforia,Movie,Horror Thriller,"Set in the near future against the backdrop of widespread looting and societal collapse, the couple formed by Esther and Tomás and their daughter Say move to their summer house so they can promptly sell it and then flee from their country to France, drawing attention from a ring of voyeurs of real-life torture streamed on the dark web.",5.0,https://image.tmdb.org/t/p/w500/49pzxbf1Eftz7wQZdVDVl8OM9bg.jpg,https://image.tmdb.org/t/p/original/gYumbUCWyUI6Mutgd7oILOCunk8.jpg,1252051
Night Silence,Movie,Horror Drama Mystery,"A theatre actor whose health is failing gets admitted to a nursing home. Soon, he starts having nightmares that seemingly become deceptively real. The so-called nightmares were able to make him live in two parallel dimensions.",4.7,https://image.tmdb.org/t/p/w500/gBYhjuq0ZEDN710C5sKVq45y1pA.jpg,https://image.tmdb.org/t/p/original/1Xi0FNU0uj82GfUw2vWHsVCiRv5.jpg,1281425
Zero Woman 2,Movie,Action Thriller,"When a valuable suitcase is stolen, the mob, petty criminals, and a beautiful agent from the Elite Zero division are pulled into a battle to settle the score.",5.0,https://image.tmdb.org/t/p/w500/sQHeDjwmBQba8E51Mkp5dvgkzeZ.jpg,https://image.tmdb.org/t/p/original/vP7YFt9pP8NPCg4PMBAHO5ILdrQ.jpg,44980
Michael Jackson: The Life of an Icon,Movie,Documentary Music,"See Michael Jackson, one of the most recognizable and popular entertainers of all time, like never before in the feature-length tribute Michael Jackson: The Life of an Icon. Known to millions of fans worldwide for his record-breaking albums, groundbreaking music videos, mesmerizing dance moves and humanitarian efforts, his true story has never really been told...until now. This unprecedented look into the King of Pop's fascinating life includes all-new interviews with his mother Katherine Jackson as well as siblings Tito and Rebbie Jackson,  his nephew  Jaafar Jackson and niece Tahkyah brings plenty Jackson and Friends ends and music legends such as Smokey Robinson, Dionne Warwick and  his 3 children and many more.",8.119,https://image.tmdb.org/t/p/w500/tOCYV9JCXXFtb7YehKXJBMKI4aD.jpg,https://image.tmdb.org/t/p/original/wz1eLrNxK77xAY7JYi4iYrtiMEd.jpg,78192
Ne Zha 2,Movie,Animation Action Fantasy Adventure Donghua,"After a catastrophic event leaves their bodies destroyed, Ne Zha and Ao Bing are granted a fragile second chance at life. As tensions rise between the dragon clans and celestial forces, the two must undergo a series of perilous trials that will test their bond, challenge their identities, and decide the fate of both mortals and immortals.",8.158,https://image.tmdb.org/t/p/w500/cb5NyNrqiCNNoDkA8FfxHAtypdG.jpg,https://image.tmdb.org/t/p/original/zxi6WQPVc0uQAG5TtLsKvxYHApC.jpg,980477
Krishnavataram Part 1: The Heart (Hridayam),Movie,Adventure Romance Drama,"An epic devotional narrative that reimagines the journey of Lord Krishna, tracing his path from Dwarka to Kurukshetra after parting ways with Radha. As his journey unfolds, it explores his connection with people, his layered personality, and the lessons he imparts about love and life.",8.5,https://image.tmdb.org/t/p/w500/7AxJYvPWLlNiGH52A9eenDxQzu8.jpg,https://image.tmdb.org/t/p/original/quMadsmJAFKGd6UpCFwxtlrVxPF.jpg,1673393
Predator: Badlands,Movie,Action Science Fiction Adventure,"Cast out from his clan, a young Predator finds an unlikely ally in a damaged android and embarks on a treacherous journey in search of the ultimate adversary.",7.742,https://image.tmdb.org/t/p/w500/pHpq9yNUIo6aDoCXEBzjSolywgz.jpg,https://image.tmdb.org/t/p/original/gaKFXcB5J1gz0QqYj8bWIfrPc04.jpg,1242898
Normal,Movie,Action Crime Thriller,"An unassuming substitute sheriff with a troubled past responds to a bank robbery in a small, sleepy town and unknowingly uncovers something far more explosive.",6.463,https://image.tmdb.org/t/p/w500/rsNdDcCKjCZm9RBMAxL3vMUokKU.jpg,https://image.tmdb.org/t/p/original/1YU6Hy3x7fUh7dfOzSfjifTp20g.jpg,1242332
Greenland 2: Migration,Movie,Adventure Thriller Science Fiction,"Having found the safety of the Greenland bunker after the comet Clarke decimated the Earth, the Garrity family must now risk everything to embark on a perilous journey across the wasteland of Europe to find a new home.",6.407,https://image.tmdb.org/t/p/w500/z2tqCJLsw6uEJ8nJV8BsQXGa3dr.jpg,https://image.tmdb.org/t/p/original/wns4x1GyxCudgOZRyhXKjXVJf3T.jpg,840464
Colony,Movie,Action Thriller Horror,"Professor Se-jeong is thrust into a bloody nightmare when a rapidly mutating virus is released during a biotech conference causing authorities to seal the facility. Trapped inside with no escape, Se-jeong along with a small group of survivors must fight to stay alive while the infected undergo horrific transformations.",6.6,https://image.tmdb.org/t/p/w500/tN799oUR0f1gUKDYdMNrDaY7I51.jpg,https://image.tmdb.org/t/p/original/jDvxsBemt2Iyslg7qn2WMzgxz23.jpg,1375646
Raja Shivaji,Movie,Action History Drama,"Chronicles the rise of young Shivaji Bhonsale, who challenged the might of established empires to found the Maratha kingdom and lay the groundwork for 'Swarajya' (self-rule) during a turbulent period of Indian history.",9.0,https://image.tmdb.org/t/p/w500/hljQF3Ly6PzQe7iaNs9fmFuBYWj.jpg,https://image.tmdb.org/t/p/original/w4bjx5qCKG6SjhnqLi2aj1GUsxe.jpg,1247165
War of the Worlds,Movie,Science Fiction Thriller,"Will Radford is a top analyst for Homeland Security who tracks potential threats through a mass surveillance program, until one day an attack by an unknown entity leads him to question whether the government is hiding something from him... and from the rest of the world.",4.104,https://image.tmdb.org/t/p/w500/yvirUYrva23IudARHn3mMGVxWqM.jpg,https://image.tmdb.org/t/p/original/iZLqwEwUViJdSkGVjePGhxYzbDb.jpg,755898
From Straight A's to XXX,Movie,Drama TV Movie,"When a change of circumstances leaves Miriam unable to pay her college tuition, she makes a surprising decision: to start performing in adult films, using the pseudonym Belle Knox. Miriam lies to her family and her friends at school, keeping her double life a secret. But soon rumours spread and Miriam becomes the subject of vicious online attacks and unwanted attention. Miriam fights back: she talks to the media, saying her new line of work empowers her as a feminist. But her confident stand has unintended consequences. Miriam is shunned by her conservative family and her colleagues in the adult film world. One impulsive decision has quickly spiralled out of control - and Miriam's problems are just beginning.",5.843,https://image.tmdb.org/t/p/w500/kvcdaGcres9pGDwZfPN9jOKfZh.jpg,https://image.tmdb.org/t/p/original/8gBOpyW6iTDGZJR93YuF3L7dDuI.jpg,441168
Drishyam 3,Movie,Crime Drama Thriller,"To protect his family and their dark secret, Georgekutty faces an organized new threat. As walls close in and cracks widen, how much more is he willing to sacrifice ?",6.5,https://image.tmdb.org/t/p/w500/456FlpiU1iOBnaOxSd783QhZKWw.jpg,https://image.tmdb.org/t/p/original/enwc2Acl38mvX33QffmTzDSV89D.jpg,847742
The Avengers,Movie,Science Fiction Action Adventure,"When an unexpected enemy emerges and threatens global safety and security, Nick Fury, director of the international peacekeeping agency known as S.H.I.E.L.D., finds himself in need of a team to pull the world back from the brink of disaster. Spanning the globe, a daring recruitment effort begins!",8.031,https://image.tmdb.org/t/p/w500/RYMX2wcKCBAr24UyPD7xwmjaTn.jpg,https://image.tmdb.org/t/p/original/9BBTo63ANSmhC4e6r62OJFuK2GL.jpg,24428
The Devil Wears Prada 2,Movie,Comedy Drama,"Andy Sachs returns to Runway as Miranda Priestly navigates a new media landscape and Runway's position within. The duo reconnect with former assistant Emily Charlton, now the head of a luxury brand that possesses funding which could ensure Runway's survival.",6.63,https://image.tmdb.org/t/p/w500/xTI42pmsP5EDnvsNJPEDubwWBQO.jpg,https://image.tmdb.org/t/p/original/y3fQa7pytlysovXzovpXc1OQlTW.jpg,1314481
Vengeance,Movie,Action Thriller,"The brutal murder of the wife of “Toro,” a military hero in the special forces, turns him into a man with a single purpose: revenge. After a stroke of fate makes him a millionaire, Carlos transforms his fortune into an arsenal and, together with his closest soldiers, sets out to hunt down those responsible.",7.4,https://image.tmdb.org/t/p/w500/ygWXPL0RS91JyJPNOfK34eV3bRE.jpg,https://image.tmdb.org/t/p/original/xyW8rJO3rwG2EGcTO6eaUEa8b9d.jpg,1613798
They Will Kill You,Movie,Action Comedy Horror,"A woman answers a help wanted ad to be a housekeeper in a mysterious New York City high-rise, unaware that she is entering a community that has seen a number of disappearances over the years and may be under the grip of a Satanic cult.",6.954,https://image.tmdb.org/t/p/w500/6oI4oQKTWMVUlr8Ivqydp28Ruu6.jpg,https://image.tmdb.org/t/p/original/qnTdOizsXBzYu3uIbfhHSfE29TE.jpg,1292695
Virgin,Movie,Drama Romance,"Iris, an 18-year old virgin marries Joaquin, a rich widower, because of money. However, when he learns that Iris is not really a virgin, their honeymoon turns to a bloodbath.",6.5,https://image.tmdb.org/t/p/w500/iVS3ZiPsKy8Hhc5Dipqgrjmoj2b.jpg,https://image.tmdb.org/t/p/original/7B72d6f09eIifSgkpCkzwkv8fle.jpg,1002398
Scream 7,Movie,Horror Mystery Crime,"When a new Ghostface killer emerges in the quiet town where Sidney Prescott has built a new life, her darkest fears are realized as her daughter becomes the next target. Determined to protect her family, Sidney must face the horrors of her past to put an end to the bloodshed once and for all.",6.125,https://image.tmdb.org/t/p/w500/jjyuk0edLiW8vOSnlfwWCCLpbh5.jpg,https://image.tmdb.org/t/p/original/t9J2HXaDuJR7bvIG9XF7mttn4VY.jpg,1159559
Infiltrate,Movie,Action Thriller,"In a city overrun by crime, government Agent Lily Chen is forced to choose between her duty and her family when her husband is kidnapped, and she’s blackmailed into assassinating high-level criminals to save him. As she delves deeper into the criminal underworld, Lily’s relentless pursuit of justice unravels a web of corruption, leading to a final, life-altering decision that will change her world forever.",5.1,https://image.tmdb.org/t/p/w500/8Cw8GF9wG63kF8pRRXwOx2kXGt.jpg,https://image.tmdb.org/t/p/original/cfDHxkco8RrslL0Vk2XPTwTVFCe.jpg,1472951
Apocalypto,Movie,Action Drama History,"Set in the Mayan civilization, when a man's idyllic presence is brutally disrupted by a violent invading force, he is taken on a perilous journey to a world ruled by fear and oppression where a harrowing end awaits him. Through a twist of fate and spurred by the power of his love for his woman and his family he will make a desperate break to return home and to ultimately save his way of life.",7.624,https://image.tmdb.org/t/p/w500/cRY25Q32kDNPFDkFkxAs6bgCq3L.jpg,https://image.tmdb.org/t/p/original/nnmbJvYyDS1VkMOCbxSpdBi3WbJ.jpg,1579
Monika,Movie,Romance Drama,"Monika is young, beautiful and a virgin. She is only 16 years old, and, beside getting the attention of all her classmates, she also attracts older men. She has a relationship with a boy, Leo, but she doesn't know that he uses to pimp the girls he seduces to rich businessmen. One of Leo's client befriends Monika and becomes so obsessed that he pays Leo to get her. But Monika turns her attention to her art professor, unknowing that he too has his secrets.",4.7,https://image.tmdb.org/t/p/w500/y8Byo8Mwd1a9JwISWLYR0zVxA5.jpg,https://image.tmdb.org/t/p/original/tbbyUOh6Jd45hDun3kLyZkCttkI.jpg,64641
The Mummy Returns,Movie,Adventure Action Fantasy,"Rick and Evelyn O’Connell, along with their 8-year-old son Alex, discover the key to the legendary Scorpion King’s might: the fabled Bracelet of Anubis. Unfortunately, a newly resurrected Imhotep has designs on the bracelet as well, and isn’t above kidnapping its new bearer, Alex, to gain control of Anubis’s otherworldly army.",6.404,https://image.tmdb.org/t/p/w500/kdJsW7hcy1lrj7tdMPycTAQPAiR.jpg,https://image.tmdb.org/t/p/original/7s7WkAFPBsMTprYMbqbgKoppQsR.jpg,1734
TN 2026,Movie,Comedy Drama,"Set in Pollachi, the story follows a powerful landlord, Sivalingam Mandradiyar, who becomes obsessed with a rising actor, Kukanth Kumar, believing he is the next M.G.R. He pours his wealth into shaping the actor's career and political future. But as ambition and fame grow, so does the risk of downfall. Will it lead to power or ruin?",0.0,https://image.tmdb.org/t/p/w500/mAX1ujOROXtKsOuIg5MbJbotOyD.jpg,https://image.tmdb.org/t/p/original/hlTs5C7zQ7TrH7REWOkSXzi67p7.jpg,1556783
Real Steel,Movie,Action Science Fiction Drama,"Charlie Kenton is a washed-up fighter who retired from the ring when robots took over the sport. After his robot is trashed, he reluctantly teams up with his estranged son to rebuild and train an unlikely contender.",7.087,https://image.tmdb.org/t/p/w500/4GIeI5K5YdDUkR3mNQBoScpSFEf.jpg,https://image.tmdb.org/t/p/original/pjlxrd646cBYznHoPBWTzz6FujX.jpg,39254
Backrooms,Movie,Horror Mystery Science Fiction,A strange doorway appears in the basement of a furniture showroom.,5.3,https://image.tmdb.org/t/p/w500/vpkNMkbisv5cTaIfCzUduYzXnjb.jpg,https://image.tmdb.org/t/p/original/mCpwRayjXMFzKHbjbzc5JRKfq1O.jpg,1083381
Bonolota Express,Movie,Drama Comedy Family,"On a foggy winter journey, the Bonolota Express carries strangers burdened by secrets whose lives begin to collide within the train’s confined corridors. As the night unfolds, personal and political crises erupt, exposing hidden grief, moral decay, and moments of unexpected compassion amid chaos and revolt. By dawn, the train moves on, leaving its passengers irrevocably changed by a single journey where illusions collapse and human truths emerge.",8.8,https://image.tmdb.org/t/p/w500/h6nITbbSobZ0EwU6Dcw6LGZOZYA.jpg,https://image.tmdb.org/t/p/original/wUlvM4v5FUjM2omyld9ULVHONZA.jpg,1542995
Jana Nayagan,Movie,Action Drama Science Fiction,"A clash of ideologies. One stands for the people, the other feeds on control. Their paths collided once before. Years later, a child’s silent fear ignites the past, drawing a former police officer into a battle far bigger than personal revenge.",0.0,https://image.tmdb.org/t/p/w500/jt8pfSIdi47YpFMMWVRr8w5u2S0.jpg,https://image.tmdb.org/t/p/original/v3lNH2gCojWYXVuXcT9FZLBxcSq.jpg,1235877
Over Your Dead Body,Movie,Action Comedy Thriller,"A dysfunctional couple head to a remote cabin to ""reconnect"", but each has secret intentions to kill the other.",7.1,https://image.tmdb.org/t/p/w500/5jEVBMKeLbOkp1wEKrpSItFJuul.jpg,https://image.tmdb.org/t/p/original/sb76azrAXr9U13uEQxNP5e3fujY.jpg,1390300
Send Help,Movie,Horror Thriller Comedy,"Two colleagues become stranded on a deserted island, the only survivors of a plane crash. On the island, they must overcome past grievances and work together to survive, but ultimately, it's a battle of wills and wits to make it out alive.",7.048,https://image.tmdb.org/t/p/w500/mjkS2iAgWj3ik1DTjvI15nHZ7yl.jpg,https://image.tmdb.org/t/p/original/fBh0OlTY5XSHuFrQ7ylXHniwg9s.jpg,1198994
My Fault,Movie,Drama Romance Thriller,"Noah must leave her city, boyfriend, and friends to move into William Leister's mansion, the flashy and wealthy husband of her mother Rafaela. As a proud and independent 17 year old, Noah resists living in a mansion surrounded by luxury. However, it is there where she meets Nick, her new stepbrother, and the clash of their strong personalities becomes evident from the very beginning.",7.739,https://image.tmdb.org/t/p/w500/w46Vw536HwNnEzOa7J24YH9DPRS.jpg,https://image.tmdb.org/t/p/original/oz4U9eA6ilYf1tyiVuGmkftdLac.jpg,1010581
The Unknown Man,Movie,Drama,"Louis, a Flemish writer, decides to isolate himself at the Côte d’Azur, hoping this place will bring him inspiration.",7.8,https://image.tmdb.org/t/p/w500/4TpBhdaSl5ALHbgeaYOLF8Q3haz.jpg,https://image.tmdb.org/t/p/original/7uXzE0ZBkbAeKylOz7cUQF4Yw75.jpg,879945
War Machine,Movie,Action Science Fiction Thriller,"On one last grueling mission during Army Ranger training, a combat engineer must lead his unit in a fight against a giant otherworldly killing machine.",7.334,https://image.tmdb.org/t/p/w500/ril8yx5SOmj0KjNlftsdfIp00fr.jpg,https://image.tmdb.org/t/p/original/6yeVcxFR0j08vlv2OlL6zbewm4D.jpg,1265609
Dime lo que quieres (de verdad),Movie,Romance Drama Comedy,"Diego and Emilia are a conservative couple with 16 years of marriage who have lost the spark, until Tomás and Betina rescue them and introduce them to the forbidden world, changing what they know about intimacy, relationships, and sex.",7.8,https://image.tmdb.org/t/p/w500/2ynUMfrwnEdGmkZmpiiJmTdTi4w.jpg,https://image.tmdb.org/t/p/original/6muIb4lmdF2uJmrAY4zyH11wYxW.jpg,1157008
Sundutan,Movie,Drama,"A hole on the wall accidentally connects two women emotionally and physically. Forbidden love, greed, betrayal... what lies beyond the hole? And for how long can they keep covering it up?",4.0,https://image.tmdb.org/t/p/w500/2neZgVuY7prWIak5hhNKT53Hk0N.jpg,https://image.tmdb.org/t/p/original/zYm62AouAahA71AoOWHE5Qb0FYH.jpg,1646787
The Conjuring: Last Rites,Movie,Horror,Paranormal investigators Ed and Lorraine Warren take on one last terrifying case involving mysterious entities they must confront.,6.908,https://image.tmdb.org/t/p/w500/byWgphT74ClOVa8EOGzYDkl8DVL.jpg,https://image.tmdb.org/t/p/original/i8MupUe4xgmYXoRNAQMYvuoexSU.jpg,1038392
Dracula,Movie,Horror Fantasy Romance,"In late 15th-century Eastern Europe, Prince Vlad II’s bride is brutally murdered. As a result, he renounces God and damns Heaven itself. Cursed with eternal life, Vlad is reborn as Dracula, an immortal warlord who defies fate in a blood-soaked crusade to wrench his lost love back from death.",7.115,https://image.tmdb.org/t/p/w500/dYRqA50yd0nB3qBR7AtWEJJQ8q.jpg,https://image.tmdb.org/t/p/original/be5SIsRGMckO8tU9lrLcIik70Dy.jpg,1246049
Crime 101,Movie,Crime Thriller,"When an elusive thief whose high-stakes heists unfold along the iconic 101 freeway in Los Angeles eyes the score of a lifetime, with hopes of this being his final job, his path collides with a disillusioned insurance broker who is facing her own crossroads. Determined to crack the case, a relentless detective closes in on the operation, raising the stakes even higher.",6.972,https://image.tmdb.org/t/p/w500/tVvpFIoteRHNnoZMhdnwIVwJpCA.jpg,https://image.tmdb.org/t/p/original/52AkwEfQiJl2HuTPMZ2yC5Bdr9I.jpg,1171145
Kraken,Movie,Horror Action Thriller,"A marine biologist is doing research on a fish farm when she encounters several strange occurrences. Along with the brutal deaths of two teenagers, all signs point to the deep fjord; can there be more to the depths than the eye can see?",5.8,https://image.tmdb.org/t/p/w500/xdZ8k5s8DTwWyPBMIcflrYLgcAK.jpg,https://image.tmdb.org/t/p/original/oV472EbPedkc5QzqolGc7sCgCnn.jpg,1110034
Bingo Bongo,Movie,Comedy,"The ape-man, found somewhere in the jungles of Congo, transferred to Milan and named Bingo Bongo. The only one who believes in the human qualities of him is Laura, a woman anthropologist , so their affection for each other even grows to love.",5.731,https://image.tmdb.org/t/p/w500/5ve4VuCwi7Xas5s50ynEB7uFjM2.jpg,https://image.tmdb.org/t/p/original/mFDQ8f2lPHorGwtuE0fjnUIbKLF.jpg,62029
Fifty Shades Freed,Movie,Drama Romance,"Believing they have left behind shadowy figures from their past, newlyweds Christian and Ana fully embrace an inextricable connection and shared life of luxury. But just as she steps into her role as Mrs. Grey and he relaxes into an unfamiliar stability, new threats could jeopardize their happy ending before it even begins.",6.675,https://image.tmdb.org/t/p/w500/jjPJ4s3DWZZvI4vw8Xfi4Vqa1Q8.jpg,https://image.tmdb.org/t/p/original/9ywA15OAiwjSTvg3cBs9B7kOCBF.jpg,337167
Wormtown,Movie,Science Fiction Horror Adventure,"One year into a plague of flesh-eating, mind-altering worms, the nocturnal town of Ashland, Ohio, has embraced the parasites’ rule. Under cult-like Mayor Joshua, zealous Ranchers spread their gospel—by persuasion or by force. A trio of uninfected women cling to survival through scavenging, extreme hygiene, and evasion. But everyone breaks eventually, unleashing betrayal, sacrilege, and body horror.",5.7,https://image.tmdb.org/t/p/w500/lE10ww38b7XA5LIagIsVQj9a8Hn.jpg,https://image.tmdb.org/t/p/original/wfGDy0KVZsiQpGgYoxObUGgccwk.jpg,1235192
Deool Band 2,Movie,Comedy Drama,"The story follows a farmer who decides to question and test his faith, setting off a journey filled with emotional and life-altering moments. At its core, the narrative centers on a woman who tirelessly struggles for her family, facing hardships with resilience, as her path ultimately leads her to confront the very idea of divine power",0.0,https://image.tmdb.org/t/p/w500/89n9cfc5dm0kdkABmDJalzveEwU.jpg,,1699574
Vaazha II,Movie,Comedy Drama,"Four friends – Hashir, Alan, Ajin and Vinayak – are considered losers and troublemakers by parents, family and the school management. They face immense social pressure as they reach adulthood, embarking them on an emotional journey of self discovery and acceptance, where they finally learn to take up their responsibilities and find success.",7.063,https://image.tmdb.org/t/p/w500/1yLZ7kExd0UGGbaZW4LxmYD4OIf.jpg,https://image.tmdb.org/t/p/original/uNA0OVk09Hbwflye3eBoOiGIKGc.jpg,1336770
Kaulayaw,Movie,Drama,"Two college schoolmates venture into the world of cybersex to support their needs. They fulfill their fans' sexual fantasy only to realized that they too, are falling for each other.",5.8,https://image.tmdb.org/t/p/w500/qifjfp5a2gHQ0WsGhTvlamPshnH.jpg,https://image.tmdb.org/t/p/original/aJxmgoNtP2BH7mRYvuf7AHB0VC3.jpg,1302007
Madhuvidhu,Movie,Family Comedy Drama,"Madhuvidhu offers a simple, relatable take on married life, focusing on everyday moments rather than drama. It follows Amrut Raj of the Anjilamoodu tharavadu, a household of five men, and a newlywed couple whose hopes for happiness gradually fade under daily pressures. What begins with promise turns into a test of endurance, as the couple struggles to bridge the growing emotional distance between them",7.0,https://image.tmdb.org/t/p/w500/jVSnpXklfxi3FchGqweRMvrC8Gd.jpg,https://image.tmdb.org/t/p/original/vgwmwigN5jrtYVTewRX4rLd5geg.jpg,1561144
Indian Institute of Zombies,Movie,Comedy Horror,"At an elite engineering campus, students must survive a sudden zombie outbreak while navigating academic pressures and social hierarchies, blending horror with comedy and biting satire of privilege and competition.",0.0,https://image.tmdb.org/t/p/w500/zSiNbahfCoezs5LQYNtJrvczngM.jpg,https://image.tmdb.org/t/p/original/qGk24C6fV10LkXCEpAJ4BbzViFC.jpg,1657678
Rise of the Conqueror,Movie,History Action Adventure War,"In the 14th-century, as the Silk Road crumbles and rival factions tear the land apart, fearless warrior Timur emerges from exile. Stripped of everything, he fights to unite the fractured kingdoms, using strategy and sheer will to carve an empire from chaos. Undefeated in battle and widely regarded as one of history’s greatest military leaders and tacticians, not to mention one of its most brutal, Timur would found the Timurid Empire, which ruled over modern-day Afghanistan, Iran and Central Asia.",5.923,https://image.tmdb.org/t/p/w500/9cRE0DsM6CNIiY9Ah3cd8oc3n1Y.jpg,https://image.tmdb.org/t/p/original/9gWrxuOJeArUbvnqrZALSjhPv9Y.jpg,1207162
Spider-Man: No Way Home,Movie,Action Adventure Science Fiction,"Peter Parker is unmasked and no longer able to separate his normal life from the high-stakes of being a super-hero. When he asks for help from Doctor Strange the stakes become even more dangerous, forcing him to discover what it truly means to be Spider-Man.",7.934,https://image.tmdb.org/t/p/w500/1g0dhYtq4irTY1GPXvft6k4YLjm.jpg,https://image.tmdb.org/t/p/original/zD5v1E4joAzFvmAEytt7fM3ivyT.jpg,634649
The Sleeper,Movie,Action Thriller Drama,"Ferman is a cold-blooded hitman who eliminates former agents for a secret organization. While eliminating a target during one of his missions, he encounters Saye and unexpectedly falls in love with her. Instead of killing her, he chooses to bring her into the organization. This decision marks the beginning of an irreversible path in both of their lives.",6.0,https://image.tmdb.org/t/p/w500/xvycfI4PRusKfqvzmkb8xqO0g48.jpg,https://image.tmdb.org/t/p/original/fOAIBZQOyqktxjpedHZKTDJegkt.jpg,1557848
Omukade,Movie,Horror Thriller War,"Thailand, 1941 — a handful of Japanese soldiers and their prisoners are trapped in a cursed mine. As tensions between enemies reach a breaking point, they are forced to confront a terrifying, ancient monster lurking in the shadows.",5.0,https://image.tmdb.org/t/p/w500/tSwMkZs3c2xbHN6Khxsq4ELOO1w.jpg,https://image.tmdb.org/t/p/original/i5c2Tvhn2mZWT43zdwHEliau58j.jpg,1254594
Mother Mary,Movie,Music Drama Thriller,Long-buried wounds rise to the surface when iconic pop star Mother Mary reunites with her estranged best friend and former costume designer Sam Anselm on the eve of her comeback performance.,5.891,https://image.tmdb.org/t/p/w500/qMgUI6pxkPtIuoXX4DcJ6X7bdt2.jpg,https://image.tmdb.org/t/p/original/pRrH098VPYiUtDwKOm2mVXVQZdf.jpg,1102883
Brothers Under Fire,Movie,Action Thriller Mystery Drama,"Captain Jordan Wright's squadron on leave for a wedding in Mexico encounters a murderous cartel. As Jordan tries to lead survivors to safety, war erupts between his squad and the cartel, forcing him into a battle to save his men.",6.0,https://image.tmdb.org/t/p/w500/e5EKqk9V7N3w0WvYFhl6wSVrMp0.jpg,https://image.tmdb.org/t/p/original/6D2NsU3FIQVthPgjT6RAsX58qZ6.jpg,1414413
How to Have Sex,Movie,Drama,"Three British teenage girls go on a rites-of-passage holiday—drinking, clubbing and hooking up, in what should be the best summer of their lives.",6.23,https://image.tmdb.org/t/p/w500/yQyoFCBLGJH5HXESmJAzaiXw9zU.jpg,https://image.tmdb.org/t/p/original/akvlTeB0LiNzw9U9YCAB8wwb5Qo.jpg,1075175
Addicted,Movie,Drama Thriller,A gallerist risks her family and flourishing career when she enters into an affair with a talented painter and slowly loses control of her life.,5.913,https://image.tmdb.org/t/p/w500/fAERrD6vvmznDoL99wlgjhSfPcH.jpg,https://image.tmdb.org/t/p/original/aqqoDJs8vYp2EZ74aQ1UMY0sjM7.jpg,235271
Passenger,Movie,Horror Thriller,"After a young couple witnesses a gruesome highway accident, they soon realize they did not leave the crash scene alone, as a demonic presence called the Passenger that won't stop until it claims them both turns their van life adventure into a nightmare.",6.0,https://image.tmdb.org/t/p/w500/2sOEJzhPzjTkZSlPbGxOJ7xgIyS.jpg,https://image.tmdb.org/t/p/original/hl7FEzMqgpsD0RfwMzskzQoiD1M.jpg,1368314
The Super Mario Bros. Movie,Movie,Family Comedy Adventure Fantasy Animation Anime,"While working underground to fix a water main, Brooklyn plumbers—and brothers—Mario and Luigi are transported down a mysterious pipe and wander into a magical new world. But when the brothers are separated, Mario embarks on an epic quest to find Luigi.",7.601,https://image.tmdb.org/t/p/w500/qNBAXBIQlnOThrVvA6mA2B5ggV6.jpg,https://image.tmdb.org/t/p/original/9n2tJBplPbgR2ca05hS5CKXwP2c.jpg,502356
Red Latex,Movie,Thriller,"Eric lives with his pregnant wife in his in-laws' house because they have no money to become independent. Eric is very docile and the people around him: his wife, his father, his father-in-law, and his boss have always told him what he has to do with his life. But everything has a limit. Fed of with this situation, Eric leaves his family and escapes to the mansion of the dominatrix Mistress Gise to become his slave. Eric hopes to achieve liberation by submitting to Mistress Gise. When his family finds out, they do what they can to get him back. Meanwhile, Mistress Gise is a twisted Domina who takes Eric's slavery beyond any expected limit.",5.2,https://image.tmdb.org/t/p/w500/hP1o5waM6ohMTKr4QcOtyOP1oiu.jpg,https://image.tmdb.org/t/p/original/dMX6RR0SHgI43r2CsDkF5wzozOw.jpg,758308
Michael Jackson: Searching for Neverland,Movie,Drama TV Movie,"Based on the best-selling book, Remember the Time: Protecting Michael Jackson in His Final Days, and told through the eyes of Jackson's trusted bodyguards, Bill Whitfield and Javon Beard. The movie will reveal firsthand the devotion Michael Jackson had to his children, and the hidden drama that took place during the last two years of his life.",6.561,https://image.tmdb.org/t/p/w500/mRZIiG4vJiCgJh4v2EPUVVTznC8.jpg,https://image.tmdb.org/t/p/original/ecksst0Cb1AO1CZwmGjJu11bfUo.jpg,458293
"My Teacher, My Obsession",Movie,Drama Thriller TV Movie,"Riley is struggling to make friends after transferring to a new high school where her father, Chris, is an English teacher. When she meets Kyla, they quickly becomes close friends. However, the friendship takes a strange turn when Riley learns that Kyla is obsessed with her dad. Will Kyla successfully seduce Chris and start a twisted new life with him by removing everyone in her path, or will Riley be able to save her father from Kyla’s treacherous plot before it’s too late?",4.949,https://image.tmdb.org/t/p/w500/yh06bjJTNu45xyVgpv0wXuWvkgN.jpg,https://image.tmdb.org/t/p/original/9tI2BBfTPK4pbYxaQZ16Thca9L9.jpg,530442
Dollhouse,Movie,Horror Mystery,"After losing their child, a mother finds solace in a life-sized ancient doll she finds on the market.  When a new daughter enters the family's life, strange things begin to happen and no matter how hard the family tries to get rid of it, the doll always finds its way back.",7.607,https://image.tmdb.org/t/p/w500/vUs4OPpvu4Is7wIGaXkseNJHhEA.jpg,https://image.tmdb.org/t/p/original/rV9MLgLm4i5ImuhhqdJ2fa7JMc2.jpg,1404791
Faces of Death,Movie,Horror,"A woman, employed as a website content moderator, comes across a series of violent videos reproducing death scenes from a film.",5.508,https://image.tmdb.org/t/p/w500/vPVY3S57lEooBLJCg6KGdMHkUxm.jpg,https://image.tmdb.org/t/p/original/hWuHG6e6vM7YbNVW5Z0JcfhmxQq.jpg,855435
The Mortuary Assistant,Movie,Horror Mystery,"Rebecca Owens, a recent mortuary science graduate takes a night shift job at River Fields Mortuary. Initially, the job seems straightforward — embalming bodies, completing paperwork, and keeping things tidy. But once Rebecca starts working the night shift, things take a dark turn.",5.524,https://image.tmdb.org/t/p/w500/72AoFPC5TY4DfJwXXS9rPwPeReD.jpg,https://image.tmdb.org/t/p/original/gM1kQRPwOVW1Eos5tVWqcYmHR5S.jpg,1470130
Harry Potter and the Philosopher's Stone,Movie,Adventure Fantasy,"Harry Potter has lived under the stairs at his aunt and uncle's house his whole life. But on his 11th birthday, he learns he's a powerful wizard—with a place waiting for him at the Hogwarts School of Witchcraft and Wizardry. As he learns to harness his newfound powers with the help of the school's kindly headmaster, Harry uncovers the truth about his parents' deaths—and about the villain who's to blame.",7.899,https://image.tmdb.org/t/p/w500/wuMc08IPKEatf9rnMNXvIDxqP4W.jpg,https://image.tmdb.org/t/p/original/1XAC6RPT01UX9EQGy2JVn5c8pgy.jpg,671
Pirates of the Caribbean: The Curse of the Black Pearl,Movie,Adventure Fantasy Action,"When wily pirate Captain Barbossa seizes Jack Sparrow’s beloved ship, the Black Pearl, and kidnaps the governor’s daughter, Elizabeth Swann, blacksmith Will Turner reluctantly teams up with the unpredictable pirate Jack to rescue her—only to uncover a terrifying curse that turns Barbossa’s crew into the undead.",7.823,https://image.tmdb.org/t/p/w500/kvDwL2gTf6yxujbsWbsGQB3Z9Wa.jpg,https://image.tmdb.org/t/p/original/zXMGAtDqJ58P8G3W4bwKyYffPhn.jpg,22
Deadpool & Wolverine,Movie,Action Comedy Science Fiction,"A listless Wade Wilson toils away in civilian life with his days as the morally flexible mercenary, Deadpool, behind him. But when his homeworld faces an existential threat, Wade must reluctantly suit-up again with an even more reluctant Wolverine.",7.567,https://image.tmdb.org/t/p/w500/8cdWjvZQUExUUTzyp4t6EDMubfO.jpg,https://image.tmdb.org/t/p/original/ufpeVEM64uZHPpzzeiDNIAdaeOD.jpg,533535
KPop Demon Hunters,Movie,Fantasy Music Comedy Animation,"When K-pop superstars Rumi, Mira and Zoey aren't selling out stadiums, they're using their secret powers to protect their fans from supernatural threats.",8.023,https://image.tmdb.org/t/p/w500/zT7Lhw3BhJbMkRqm9Zlx2YGMsY0.jpg,https://image.tmdb.org/t/p/original/w3Bi0wygeFQctn6AqFTwhGNXRwL.jpg,803796
Top Gun: Maverick,Movie,Action Drama,"After more than thirty years of service as one of the Navy’s top aviators, and dodging the advancement in rank that would ground him, Pete “Maverick” Mitchell finds himself training a detachment of TOP GUN graduates for a specialized mission the likes of which no living pilot has ever seen.",8.158,https://image.tmdb.org/t/p/w500/n0YuM4f5lvGAP6MAW2kBIzugXnc.jpg,https://image.tmdb.org/t/p/original/AaV1YIdWKnjAIAOe8UUKBFm327v.jpg,361743
Obsessed,Movie,Drama,"A secret, passionate affair happens in the summer of 1969 between Colonel Jin Pyeong, trapped in a loveless marriage with Soo Jin, and Jong Ga Heun, the Chinese-Korean wife of Captain Kyung Woo Jin.",6.683,https://image.tmdb.org/t/p/w500/fetCtoAvZShCk1nqAWZFuKZschR.jpg,https://image.tmdb.org/t/p/original/iGBbWXmAIgpiWg9Mx2D2gLzbg4n.jpg,269955
Kesong Puti,Movie,Drama,"Have a taste of VMX Newest Temptation Apphle Celso. Lena, a Kesong Puti vendor, meets a charming dairy supplier Manny. Their chemistry sparks a daring secret that transforms her humble cheese into their town’s obsession.",5.5,https://image.tmdb.org/t/p/w500/8zYU8hlKR5111IToxXvv5575tZG.jpg,https://image.tmdb.org/t/p/original/a2PyqyjREwjnrjdJyJtHfSQOxyf.jpg,1669051
F1,Movie,Action Drama,Racing legend Sonny Hayes is coaxed out of retirement to lead a struggling Formula 1 team—and mentor a young hotshot driver—while chasing one more chance at glory.,7.775,https://image.tmdb.org/t/p/w500/vqBmyAj0Xm9LnS1xe1MSlMAJyHq.jpg,https://image.tmdb.org/t/p/original/rZWkXnIyTLzUJpHSUpOb7vgB0BL.jpg,911430
28 Years Later: The Bone Temple,Movie,Horror Thriller Science Fiction,Dr. Kelson finds himself in a shocking new relationship - with consequences that could change the world as they know it - and Spike's encounter with Jimmy Crystal becomes a nightmare he can't escape.,7.117,https://image.tmdb.org/t/p/w500/kK1BGkG3KAvWB0WMV1DfOx9yTMZ.jpg,https://image.tmdb.org/t/p/original/hHDNOlATHhre4eZ7aYz5cdyJLik.jpg,1272837
Jurassic World Rebirth,Movie,Science Fiction Adventure Action,"Five years after the events of Jurassic World Dominion, covert operations expert Zora Bennett is contracted to lead a skilled team on a top-secret mission to secure genetic material from the world's three most massive dinosaurs. When Zora's operation intersects with a civilian family whose boating expedition was capsized, they all find themselves stranded on an island where they come face-to-face with a sinister, shocking discovery that's been hidden from the world for decades.",6.269,https://image.tmdb.org/t/p/w500/1RICxzeoNCAO5NpcRMIgg1XT6fm.jpg,https://image.tmdb.org/t/p/original/zNriRTr0kWwyaXPzdg1EIxf0BWk.jpg,1234821
Masters of the Universe,Movie,Action Fantasy Science Fiction,"After being separated for 15 years, the Sword of Power leads Prince Adam back to Eternia, where he discovers his home shattered under the fiendish rule of Skeletor. To save his family and his world, Adam must join forces with his closest allies, Teela and Duncan/Man-At-Arms, and embrace his true destiny as He-Man — the most powerful man in the universe.",10.0,https://image.tmdb.org/t/p/w500/nm2ianYVp7OXElUZVeeAbNTqBLr.jpg,https://image.tmdb.org/t/p/original/piV2OnzTZCyGBP9JCjlHIgKGlfo.jpg,454639
"""Wuthering Heights""",Movie,Romance Drama,"Tragedy strikes when Heathcliff falls in love with Catherine Earnshaw, a woman from a wealthy family in 18th-century England.",6.6,https://image.tmdb.org/t/p/w500/3YBce6dTh1D5oCMITXk2S5QhPt.jpg,https://image.tmdb.org/t/p/original/yQFR8wxYfQwP5Rpr1gk6YlnkNJY.jpg,1316092
xXx,Movie,Action Adventure Thriller Crime Drama,"Xander Cage is your standard adrenaline junkie with no fear and a lousy attitude. When the US Government ""recruits"" him to go on a mission, he's not exactly thrilled. His mission: to gather information on an organization that may just be planning the destruction of the world, led by the nihilistic Yorgi.",5.989,https://image.tmdb.org/t/p/w500/xeEw3eLeSFmJgXZzmF2Efww0q3s.jpg,https://image.tmdb.org/t/p/original/2OHa6ukEq3Hce7Pc2kvu8wkmMFY.jpg,7451
The Wrecking Crew,Movie,Action Comedy Crime Mystery,"Estranged half-brothers Jonny and James reunite after their father's mysterious death. As they search for the truth, buried secrets reveal a conspiracy threatening to tear their family apart.",6.952,https://image.tmdb.org/t/p/w500/gbVwHl4YPSq6BcC92TQpe7qUTh6.jpg,https://image.tmdb.org/t/p/original/cz4vLJrmaV1zJlRYbxqtvLzeLWB.jpg,1168190
7 Dogs,Movie,Action Comedy,Interpol agent Khalid Al-Azzazi joins forces with Ghali Abu Dawood from the 7 Dogs crime syndicate to fight drug trafficking.,0.0,https://image.tmdb.org/t/p/w500/66n5bB6iYTWsWMz0mh3Qv7qmzIJ.jpg,https://image.tmdb.org/t/p/original/7cHPvy3aF1mDMX1zqmZRt8YE7Vr.jpg,1316427
Now You See Me: Now You Don't,Movie,Crime Thriller,"The original Four Horsemen reunite with a new generation of illusionists to take on powerful diamond heiress Veronika Vanderberg, who leads a criminal empire built on money laundering and trafficking. The new and old magicians must overcome their differences to work together on their most ambitious heist yet.",6.507,https://image.tmdb.org/t/p/w500/oD3Eey4e4Z259XLm3eD3WGcoJAh.jpg,https://image.tmdb.org/t/p/original/dHSz0tSFuO2CsXJ1CApSauP9Ncl.jpg,425274
Fatal Conspiracy,Movie,Horror,"Davi Martins, a commercial director of a financial institution, and Juliana Martins, a personal trainer, are a couple trying to recover from a crisis. At work, Davi ends up getting involved in the investigation of a financial scandal, putting himself in the crosshairs of dangerous people. Little by little, Juliana discovers that her new home may not be a new beginning, but the stage for a real nightmare. Some secrets may end her life.",7.0,https://image.tmdb.org/t/p/w500/zpj3nNoc5xaUZTIdnuhwXwUcRag.jpg,https://image.tmdb.org/t/p/original/yQUTEvEb5pJi0BH3b1biQRpGvEx.jpg,967998
The Crash,Movie,Documentary Crime,"A teen slams her car into a building, killing her boyfriend and his friend. What seems like a tragic accident becomes a murder case.",6.7,https://image.tmdb.org/t/p/w500/veskdPx4YUTmkrFrTs6zRJ8VV4E.jpg,https://image.tmdb.org/t/p/original/2iqLoDsatVBwAvHTEzI71p3qBe9.jpg,1662317
Rocky Aur Rani Kii Prem Kahaani,Movie,Comedy Drama Family Romance,"Gym-freak brat Rocky falls in love with Rani, who comes from a well-educated Bengali family. Being from polar opposite worlds, the two decide to switch their families to adjust to each other's cultures and backgrounds and to know if their marriage will survive. Rocky and Rani are trapped in a world where they are united by love but divided by families and the ultimate question is will they fit in?",6.201,https://image.tmdb.org/t/p/w500/vTQIqlxUkOuyf2UKhlM2OUaFGKz.jpg,https://image.tmdb.org/t/p/original/61RYedFgX1K07xgVIvdJzukSR4g.jpg,848116
The Crucifix: Blood of the Exorcist,Movie,Horror,"A gruesome discovery in the grounds of their new home plunges a young couple into a maelstrom of spiritual possession, pagan rituals, Viking battles, and violent revenge.",5.58,https://image.tmdb.org/t/p/w500/u3qOxvlykoTpurg1G8VOcawoePI.jpg,https://image.tmdb.org/t/p/original/be5T7oHxmDG4ytEimwPdmDHZD9N.jpg,1352874
Anaconda,Movie,Adventure Comedy Horror,"A group of friends facing mid-life crises head to the rainforest with the intention of remaking their favorite movie from their youth, only to find themselves in a fight for their lives against natural disasters, giant snakes and violent criminals.",5.895,https://image.tmdb.org/t/p/w500/hBxN6dwrANN1ic3a4G9x6JZcR3C.jpg,https://image.tmdb.org/t/p/original/swxhEJsAWms6X1fDZ4HdbvYBSf9.jpg,1234731
Spider-Man: Homecoming,Movie,Action Adventure Science Fiction,"Following the events of Captain America: Civil War, Peter Parker, with the help of his mentor Tony Stark, tries to balance his life as an ordinary high school student in Queens, New York City, with fighting crime as his superhero alter ego Spider-Man as a new threat, the Vulture, emerges.",7.3,https://image.tmdb.org/t/p/w500/c24sv2weTHPsmDa7jEMN0m2P3RT.jpg,https://image.tmdb.org/t/p/original/tPpYGm2mVecue7Bk3gNVoSPA5qn.jpg,315635
JUJUTSU KAISEN: Execution,Movie,Animation Action Fantasy Anime,"A veil abruptly descends over the busy Shibuya area amid the bustling Halloween crowds, trapping countless civilians inside. Satoru Gojo, the strongest jujutsu sorcerer, steps into the chaos. But lying in wait are curse users and spirits scheming to seal him away. Yuji Itadori, accompanied by his classmates and other top-tier jujutsu sorcerers, enters the fray in an unprecedented clash of curses — the Shibuya Incident. In the aftermath, ten colonies across Japan are transformed into dens of curses in a plan orchestrated by Noritoshi Kamo. As the deadly Culling Game starts, Special Grade sorcerer Yuta Okkotsu is assigned to carry out Yuji's execution for his perceived crimes. A compilation movie of Shibuya Incident including the first two episodes of the Culling Games arc.",5.975,https://image.tmdb.org/t/p/w500/v0s3dx6am0RzfsuK3KdEy8ZoCDs.jpg,https://image.tmdb.org/t/p/original/gtKglOSEq3d4MgQE4VsrT1sRkd0.jpg,1539104
Dear You,Movie,Drama Family Comedy,"Grandma Ye Shurou from Chaoshan lived a simple life, enjoying her twilight years. Her grandson, Xiaowei, burdened by debt, secretly traveled to Thailand to find his rumored billionaire grandfather, Zheng Musheng. However, Xiaowei returned with shocking news: his grandfather was long gone, and the person with whom Grandma had exchanged love letters was a complete stranger. As Xiaowei investigated, a love affair hidden for half a century suddenly surfaced, striking Grandma's heart.",9.15,https://image.tmdb.org/t/p/w500/rjmhzdVS3Ia535pFawju857e2Na.jpg,https://image.tmdb.org/t/p/original/dzWGnIAjUafpmY57F6vnm44FwWB.jpg,1671548
Our Fault,Movie,Romance Drama,"Jenna and Lion's wedding brings about the long-awaited reunion between Noah and Nick after their breakup. Nick's inability to forgive Noah stands as an insurmountable barrier. He, heir to his grandfather's businesses, and she, starting her professional life, resist fueling a flame that's still alive. But now that their paths have crossed again, will love be stronger than resentment?",7.357,https://image.tmdb.org/t/p/w500/yzqHt4m1SeY9FbPrfZ0C2Hi9x1s.jpg,https://image.tmdb.org/t/p/original/7QirCB1o80NEFpQGlQRZerZbQEp.jpg,1156594
Train to Busan,Movie,Horror Thriller Action Adventure,"When a zombie virus pushes Korea into a state of emergency, those trapped on an express train to Busan must fight for their own survival.",7.749,https://image.tmdb.org/t/p/w500/vNVFt6dtcqnI7hqa6LFBUibuFiw.jpg,https://image.tmdb.org/t/p/original/fVpFOcQyHJM2di9upgSIwWD5wac.jpg,396535
Sniper: No Nation,Movie,Action Thriller,Brandon Beckett and Agent Zero lead a rescue mission in Costa Verde when their friends are taken hostage.,6.406,https://image.tmdb.org/t/p/w500/tUmARo0TZEK1EaSuS6dU35FhDyU.jpg,https://image.tmdb.org/t/p/original/7lizs4SuEU2ihkkAa0SZ66NtHbl.jpg,1641319
Midnight Matinee,Movie,Horror Mystery Thriller TV Movie,"Even though a devastating murder took place during a small town's horror film festival two years earlier, townspeople want another festival.",5.4,https://image.tmdb.org/t/p/w500/czam6wq46B9UCZvq85vicElckFq.jpg,https://image.tmdb.org/t/p/original/A7BiqPOKvGNalAZhFn1WfSeG9aO.jpg,137051
Shrek,Movie,Animation Comedy Fantasy Adventure Family,"It ain't easy bein' green -- especially if you're a likable (albeit smelly) ogre named Shrek. On a mission to retrieve a gorgeous princess from the clutches of a fire-breathing dragon, Shrek teams up with an unlikely compatriot -- a wisecracking donkey.",7.762,https://image.tmdb.org/t/p/w500/iB64vpL3dIObOtMZgX3RqdVdQDc.jpg,https://image.tmdb.org/t/p/original/40Wtp7kMG6mZ4d5T1jfrd8qrvD4.jpg,808
9 Songs,Movie,Drama Music Romance,"Matt, a young glaciologist, soars across the vast, silent, icebound immensities of the South Pole as he recalls his love affair with Lisa. They meet at a mobbed rock concert in a vast music hall - London's Brixton Academy. They are in bed at night's end. Together, over a period of several months, they pursue a mutual sexual passion whose inevitable stages unfold in counterpoint to nine live-concert songs.",5.546,https://image.tmdb.org/t/p/w500/91O7z0vo7MiNWd5xD2BoivwbQsb.jpg,https://image.tmdb.org/t/p/original/qU7tNIMpRqkizIObXfkJY3haTqh.jpg,27
Inside Out 2,Movie,Animation Adventure Comedy Family,"Teenager Riley's mind headquarters is undergoing a sudden demolition to make room for something entirely unexpected: new Emotions! Joy, Sadness, Anger, Fear and Disgust, who’ve long been running a successful operation by all accounts, aren’t sure how to feel when Anxiety shows up. And it looks like she’s not alone.",7.546,https://image.tmdb.org/t/p/w500/vpnVM9B6NMmQpWeZvzLvDESb2QY.jpg,https://image.tmdb.org/t/p/original/p5ozvmdgsmbWe0H8Xk7Rc8SCwAB.jpg,1022789
Lola's Secret,Movie,Drama Comedy Horror,Young man has his dreams come true when the sexy new maid seduces him. But she also has a secret that leads to trouble.,7.0,https://image.tmdb.org/t/p/w500/qaJ4iQngrLbyz9OgaQkJLppDN6m.jpg,https://image.tmdb.org/t/p/original/tId87yE7JnQsQsqOpnGXjz9PoEe.jpg,329505
Spiderbabe,Movie,Action Comedy Science Fiction,A socially awkward young woman gets bitten by a radioactive spider and becomes a crime-fighting superhero and tries to defeat a nefarious super villain while going after any man (or woman) she wants to bed down with.,4.538,https://image.tmdb.org/t/p/w500/mh7oL7A43NvNy1o5O2CouyoQTKl.jpg,https://image.tmdb.org/t/p/original/z9aMQn1ciokeMvY2gVBgtZ8gu2.jpg,30471
Toy Story 5,Movie,Animation Family Comedy Adventure,"When Bonnie receives a Lilypad tablet as a gift and becomes obsessed, Buzz, Woody, Jessie and the rest of the gang's jobs become exponentially harder when they have to go head to head with the all-new threat to playtime.",0.0,https://image.tmdb.org/t/p/w500/dWIAOC9EKFehGs3CYvDQih3hxaG.jpg,https://image.tmdb.org/t/p/original/coyHrYHD2xHhDoYD6o4uwoJ2o7b.jpg,1084244
The Gorge,Movie,Romance Science Fiction Thriller,"Two highly trained operatives grow close from a distance after being sent to guard opposite sides of a mysterious gorge. When an evil below emerges, they must work together to survive what lies within.",7.633,https://image.tmdb.org/t/p/w500/7iMBZzVZtG0oBug4TfqDb9ZxAOa.jpg,https://image.tmdb.org/t/p/original/9nhjGaFLKtddDPtPaX5EmKqsWdH.jpg,950396
Fifty Shades of Grey,Movie,Drama Romance Thriller,"When college senior Anastasia Steele steps in for her sick roommate to interview prominent businessman Christian Grey for their campus paper, little does she realize the path her life will take. Christian, as enigmatic as he is rich and powerful, finds himself strangely drawn to Ana, and she to him. Though sexually inexperienced, Ana plunges headlong into an affair -- and learns that Christian's true sexual proclivities push the boundaries of pain and pleasure.",5.87,https://image.tmdb.org/t/p/w500/63kGofUkt1Mx0SIL4XI4Z5AoSgt.jpg,https://image.tmdb.org/t/p/original/7IGKrY1f1KfwMipx9wZC4NRgIdF.jpg,216015
Spider-Man,Movie,Action Science Fiction,"After being bitten by a genetically altered spider at Oscorp, nerdy but endearing high school student Peter Parker is endowed with amazing powers to become the superhero known as Spider-Man.",7.328,https://image.tmdb.org/t/p/w500/kjdJntyBeEvqm9w97QGBdxPptzj.jpg,https://image.tmdb.org/t/p/original/zQ8AxTPiCiS5nnwXpwTBPBHSaa5.jpg,557
Balls Up,Movie,Comedy Action Adventure,"Two marketing executives go ""balls out"" and pitch a bold full‑coverage condom sponsorship with the World Cup. After their drunken celebration in Brazil sparks a global scandal, they must outrun furious fans, criminals, and power-hungry officials to salvage their careers and make it home alive.",5.841,https://image.tmdb.org/t/p/w500/xwvJ3WzdJ1OCuDoY8LAxBUlQyig.jpg,https://image.tmdb.org/t/p/original/jRsjWwZzI39bTm44FNhRtiICd9k.jpg,1084577
Your Name.,Movie,Animation Romance Drama Anime,"High schoolers Mitsuha and Taki are complete strangers living separate lives. But one night, they suddenly switch places. Mitsuha wakes up in Taki’s body, and he in hers. This bizarre occurrence continues to happen randomly, and the two must adjust their lives around each other.",8.479,https://image.tmdb.org/t/p/w500/q719jXXEzOoYaps6babgKnONONX.jpg,https://image.tmdb.org/t/p/original/8x9iKH8kWA0zdkgNdpAew7OstYe.jpg,372058
Irreversible,Movie,Drama Thriller Crime,A woman’s lover and her ex-boyfriend take justice into their own hands after she becomes the victim of a rapist. Because some acts can’t be undone. Because man is an animal. Because the desire for vengeance is a natural impulse. Because most crimes remain unpunished.,7.183,https://image.tmdb.org/t/p/w500/rxeDxo8FvZpLu6iplNpxdtAVnfu.jpg,https://image.tmdb.org/t/p/original/xV1EfNSEg6id6juJPr1vM6p9x5X.jpg,979
Protector,Movie,Action Thriller,"Nikki's life is shattered when her daughter is kidnapped. Thrust into the criminal underworld while hunted by cops and military, she must fight to rescue her child.",6.307,https://image.tmdb.org/t/p/w500/icOZpnGuH9YrEaW3wrw5GJaXGih.jpg,https://image.tmdb.org/t/p/original/vpuPY4UziUCxv7gYYoaZQ3LX7to.jpg,1383731
Iron Man 2,Movie,Adventure Action Science Fiction,"With the world now aware of his dual life as the armored superhero Iron Man, billionaire inventor Tony Stark faces pressure from the government, the press and the public to share his technology with the military. Unwilling to let go of his invention, Stark, with Pepper Potts and James 'Rhodey' Rhodes at his side, must forge new alliances – and confront powerful enemies.",6.853,https://image.tmdb.org/t/p/w500/6WBeq4fCfn7AN0o21W9qNcRF2l9.jpg,https://image.tmdb.org/t/p/original/7lmBufEG7P7Y1HClYK3gCxYrkgS.jpg,10138
Salitan,Movie,Drama Romance,A suspicious wife follows her husband in Bali. She meets a dashing man who captures her heart. She soon wants her husband to really have an affair to alleviate the guilt she is feeling.,4.714,https://image.tmdb.org/t/p/w500/rMgG7cWuq9O6zhhLs2CbqIKVA8V.jpg,https://image.tmdb.org/t/p/original/emK2hOB6ACiExT0lNLog9lAmMFL.jpg,1226293
The Drama,Movie,Romance Comedy Drama,A happily engaged couple is put to the test when an unexpected turn sends their wedding week off the rails.,6.9,https://image.tmdb.org/t/p/w500/89Dw1ujPlIPRLddhzNuJM4F401D.jpg,https://image.tmdb.org/t/p/original/rw1WmxUvmbwRsbAX12m6toIg04j.jpg,1325734
The Babysitters,Movie,Drama,"Seventeen-year-old Shirley is a good student who works as a babysitter in order to make money for college. One night Michael, a father Shirley works for, confesses he's unhappy with married life. Shirley has a crush on Michael, and seizes this moment to kiss him. Michael is so happy he presents Shirley with a big tip, which gives her an idea. Shirley plans to make extra money by setting up her teenage friends with other unhappy fathers.",6.0,https://image.tmdb.org/t/p/w500/nsrNUqGXI95unRKZEu8BJ584xWn.jpg,https://image.tmdb.org/t/p/original/hKHX04i2zQrgZJdxS9UuFsgPUd7.jpg,13078
Mission: Impossible - The Final Reckoning,Movie,Action Thriller Adventure,"Ethan Hunt and team continue their search for the terrifying AI known as the Entity — which has infiltrated intelligence networks all over the globe — with the world's governments and a mysterious ghost from Hunt's past on their trail. Joined by new allies and armed with the means to shut the Entity down for good, Hunt is in a race against time to prevent the world as we know it from changing forever.",7.161,https://image.tmdb.org/t/p/w500/z53D72EAOxGRqdr7KXXWp9dJiDe.jpg,https://image.tmdb.org/t/p/original/xPNDRM50a58uvv1il2GVZrtWjkZ.jpg,575265
The Rip,Movie,Action Thriller Crime,"Trust frays when a team of Miami cops discovers millions in cash inside a run-down stash house, calling everyone — and everything — into question.",7.068,https://image.tmdb.org/t/p/w500/eZo31Dhl5BQ6GfbMNf3oU0tUvPZ.jpg,https://image.tmdb.org/t/p/original/3F2EXWF1thX0BdrVaKvnm6mAhqh.jpg,1306368
The Adolescent,Movie,Drama,"In the summer of 1939, 13-year-old Marie goes with her parents to visit her grandparents in a small town near Avignon. Marie discovers her femininity and falls for a young Jewish doctor, but he prefers Eva, Marie's mother.",4.536,https://image.tmdb.org/t/p/w500/v7yCEzF9BCF82lbp42X5ZLjIieo.jpg,https://image.tmdb.org/t/p/original/dqmeFUrf6Hs2ejcGGGfv69vtbbR.jpg,226674
Coraline,Movie,Animation Family Fantasy,"Wandering her rambling old house in her boring new town, 11-year-old Coraline discovers a hidden door to a strangely idealized version of her life. In order to stay in the fantasy, she must make a frighteningly real sacrifice.",7.906,https://image.tmdb.org/t/p/w500/4jeFXQYytChdZYE9JYO7Un87IlW.jpg,https://image.tmdb.org/t/p/original/hofnlIyF6bePkgQOpcuRWLvzf15.jpg,14836
Superman,Movie,Science Fiction Adventure Action,"Superman, a journalist in Metropolis, embarks on a journey to reconcile his Kryptonian heritage with his human upbringing as Clark Kent.",7.343,https://image.tmdb.org/t/p/w500/ldyfo0BKmz5rWtJJKCvwaNS4cJT.jpg,https://image.tmdb.org/t/p/original/eU7IfdWq8KQy0oNd4kKXS0QUR08.jpg,1061474
The Next 365 Days,Movie,Romance Drama,Laura and Massimo's relationship hangs in the balance as they try to overcome trust issues while a tenacious Nacho works to push them apart.,6.4,https://image.tmdb.org/t/p/w500/8AWm7iMcsCI3DdGz4YEJtiMDp8Z.jpg,https://image.tmdb.org/t/p/original/6cpRpfD3isvluFwXDGSiDVyibPJ.jpg,829560
"Aida, the Movie",Movie,Comedy,"The film deals with the filming of an episode of the series with storylines that take place both within the fiction with the characters of 'Aída' and outside of it with the actors themselves and their relationships, which reflects on topics such as the limits of comedy, the work of a comedian and fame.",6.823,https://image.tmdb.org/t/p/w500/h4QnoqmMPS50U7m1XByw29CJ1ws.jpg,https://image.tmdb.org/t/p/original/5Sfl1SdrCWNHuRcPcqJP6Vcx8I8.jpg,1370123
Pretty Lethal,Movie,Music Thriller Action Horror,A troupe of ballerinas find themselves fighting for survival as they attempt to escape from a remote inn after their bus breaks down on the way to a dance competition.,6.798,https://image.tmdb.org/t/p/w500/znTPnXCK3lEQJgqXCvP7e5FUz6f.jpg,https://image.tmdb.org/t/p/original/z3bzhmC0CPikWeerUkLO73YvGrC.jpg,1084187
Love Insurance Kompany,Movie,Romance Science Fiction Comedy,"In 2040, an app premised on ensuring romance for all is used widely by the population. When the voice behind the app's AI realizes its misconception to true love, he embarks on a quest to prove that love does not come from a screen.",4.857,https://image.tmdb.org/t/p/w500/1IIUWMKzNVvI6YJX8BKE6EJ9bVd.jpg,https://image.tmdb.org/t/p/original/woos7rldBAKG99HmcbNZNpMjwNk.jpg,1209511
¿Quieres ser mi novia?,Movie,Comedy Romance,"Javi and Lu's relationship faces dangerous territory as old and new temptations emerge: a young woman reigniting Javi's chemistry and a mature man pursuing Lu. Through humor, entanglements, and surprises, their love is tested.",8.61,https://image.tmdb.org/t/p/w500/oscW8xV8EhRYj7iAhyVlBohKqxo.jpg,https://image.tmdb.org/t/p/original/1ZruuRXztqC3QQybbgbVxVrdNjv.jpg,1601797
Room in Rome,Movie,Drama Romance,"A hotel room in the center of Rome serves as the setting for Alba and Natasha, two sexy and recently acquainted women, to have a physical adventure that touches their very souls.",6.406,https://image.tmdb.org/t/p/w500/w90ItYf9qagQKVEBr1uFxPomAtf.jpg,https://image.tmdb.org/t/p/original/30TgnSvXiL7NQoQ5WWwHqw0FRhA.jpg,48650
The Godfather Part II,Movie,Drama Crime,"In the continuing saga of the Corleone crime family, a young Vito Corleone grows up in Sicily and in 1910s New York. In the 1950s, Michael Corleone attempts to expand the family business into Las Vegas, Hollywood and Cuba.",8.571,https://image.tmdb.org/t/p/w500/hek3koDUyRQk7FIhPXsa6mT2Zc3.jpg,https://image.tmdb.org/t/p/original/kGzFbGhp99zva6oZODW5atUtnqi.jpg,240
In the Grey,Movie,Action Thriller,"A covert team of elite operatives are living in the shadows. When a ruthless despot steals a billion-dollar fortune, they're sent to take it back—an impossible heist that erupts into a deadly game of strategy, deception and survival.",6.331,https://image.tmdb.org/t/p/w500/dQgIcW6Th08kMRf2HBoYWoFE6OD.jpg,https://image.tmdb.org/t/p/original/oBft4BZeoDQzTT9ZGijClr76qvK.jpg,1122573
Harry Potter and the Chamber of Secrets,Movie,Adventure Fantasy,"Cars fly, trees fight back, and a mysterious house-elf comes to warn Harry Potter at the start of his second year at Hogwarts. Adventure and danger await when bloody writing on a wall announces: The Chamber Of Secrets Has Been Opened. To save Hogwarts will require all of Harry, Ron and Hermione's magical abilities and courage.",7.704,https://image.tmdb.org/t/p/w500/sdEOH0992YZ0QSxgXNIGLq1ToUi.jpg,https://image.tmdb.org/t/p/original/1stUIsjawROZxjiCMtqqXqgfZWC.jpg,672
The Wild Robot,Movie,Family Animation Science Fiction Adventure,"After a shipwreck, an intelligent robot called Roz is stranded on an uninhabited island. To survive the harsh environment, Roz bonds with the island's animals and cares for an orphaned baby goose.",8.31,https://image.tmdb.org/t/p/w500/eG9lz41mJqsI4J6ubMtVqD26q2J.jpg,https://image.tmdb.org/t/p/original/mQZJoIhTEkNhCYAqcHrQqhENLdu.jpg,1184918
Sinners,Movie,Horror Action Thriller,"Trying to leave their troubled lives behind, twin brothers return to their hometown to start again, only to discover that an even greater evil is waiting to welcome them back.",7.489,https://image.tmdb.org/t/p/w500/fWPgbnt2LSqkQ6cdQc0SZN9CpLm.jpg,https://image.tmdb.org/t/p/original/nAxGnGHOsfzufThz20zgmRwKur3.jpg,1233413
The Furious,Movie,Action Crime Thriller,"After Wang Wei's daughter is kidnapped by a criminal network and he receives no help from the corrupt police, Wei sets out to find her himself. His only ally is Navin, a relentless journalist whose wife has mysteriously disappeared. Fueled by a furious vengeance, the unlikely duo ruthlessly battle the kidnappers in this explosive martial arts showdown.",0.0,https://image.tmdb.org/t/p/w500/zP19YO60jwEsfKd5Qf1UvA5uJu8.jpg,https://image.tmdb.org/t/p/original/79GYNlnCK7kfQPAyQI13NLatK07.jpg,1280738
Moana 2,Movie,Adventure Animation Comedy Family Fantasy,"After receiving an unexpected call from her wayfinding ancestors, Moana journeys alongside Maui and a new crew to the far seas of Oceania and into dangerous, long-lost waters for an adventure unlike anything she's ever faced.",6.999,https://image.tmdb.org/t/p/w500/aLVkiINlIeCkcZIzb7XHzPYgO6L.jpg,https://image.tmdb.org/t/p/original/zo8CIjJ2nfNOevqNajwMRO6Hwka.jpg,1241982
Medium,Series,Crime Drama Mystery Sci-Fi & Fantasy,Allison Dubois works in the District Attorney’s office using her natural intuition about people and her ability to communicate with the dead to help to solve crimes. Her dreams often give her clues to the whereabouts of missing people.,7.457,https://image.tmdb.org/t/p/w500/6tOxspW2MbbAQ0s3jtfs8QATcx.jpg,https://image.tmdb.org/t/p/original/dVpAGo3TT2IjDyRuKwhNfe9E1A5.jpg,36
The Office,Series,Comedy,"The everyday lives of office employees in the Scranton, Pennsylvania branch of the fictional Dunder Mifflin Paper Company.",8.587,https://image.tmdb.org/t/p/w500/7DJKHzAi83BmQrWLrYYOqcoKfhR.jpg,https://image.tmdb.org/t/p/original/mLyW3UTgi2lsMdtueYODcfAB9Ku.jpg,2316
Suits,Series,Drama,"While running from a drug deal gone bad, Mike Ross, a brilliant young college-dropout, slips into a job interview with one of New York City's best legal closers, Harvey Specter. Tired of cookie-cutter law school grads, Harvey takes a gamble by hiring Mike on the spot after he recognizes his raw talent and photographic memory.",8.216,https://image.tmdb.org/t/p/w500/fO0nFvGcbTHpwZGLkr98xuZ5hFs.jpg,https://image.tmdb.org/t/p/original/cwKuMNndfjSl8iQIcAISL0C1tDZ.jpg,37680
Chicago Fire,Series,Drama,"An edge-of-your-seat view into the lives of everyday heroes committed to one of America's noblest professions. For the firefighters, rescue squad and paramedics of Chicago Firehouse 51, no occupation is more stressful or dangerous, yet so rewarding and exhilarating. These courageous men and women are among the elite who forge headfirst into danger when everyone else is running the other way and whose actions make the difference between life and death.",8.399,https://image.tmdb.org/t/p/w500/r915sk2JpthZSjHEgZKifWxgo6L.jpg,https://image.tmdb.org/t/p/original/14LzHqJrFcHk7ruMNCXpEkB0Thg.jpg,44006
Friends,Series,Comedy,"Six young people from New York City, on their own and struggling to survive in the real world, find the companionship, comfort and support they get from each other to be the perfect antidote to the pressures of life.",8.4,https://image.tmdb.org/t/p/w500/2koX1xLkpTQM4IZebYvKysFW1Nh.jpg,https://image.tmdb.org/t/p/original/m3Jev59mJLyUp5bXhY5SVfIBZI0.jpg,1668
Outlander,Series,Drama Sci-Fi & Fantasy,"The story of Claire Randall, a married combat nurse from 1945 who is mysteriously swept back in time to 1743, where she is immediately thrown into an unknown world where her life is threatened. When she is forced to marry Jamie, a chivalrous and romantic young Scottish warrior, a passionate affair is ignited that tears Claire's heart between two vastly different men in two irreconcilable lives.",8.188,https://image.tmdb.org/t/p/w500/oftZNfyTVNU7IfOqoGLoT8MGvNs.jpg,https://image.tmdb.org/t/p/original/nf3Vlxm3C9U1aKUUQHmKFZmxPSc.jpg,56570
Marshals,Series,Drama Crime Action & Adventure,"With the Yellowstone Ranch behind him, Kayce Dutton joins an elite unit of U.S. Marshals, combining his skills as a cowboy and Navy SEAL to bring range justice to Montana, where he and his teammates must balance family, duty and the high psychological cost that comes with serving as the last line of defense in the region's war on violence.",7.896,https://image.tmdb.org/t/p/w500/nInfaveN1iFpRIcMGNKENoVVUT2.jpg,https://image.tmdb.org/t/p/original/ihT4s15wPjqXLblKlE6cwBhJVz4.jpg,290856
Natural High,Series,Reality Comedy,Come and join Shen Teng and his friends as they step away from the bustling crowded cities and reconnect with the beautiful wild nature.,7.2,https://image.tmdb.org/t/p/w500/mmvlxQ5AXuHLfKvyqkgCDZfVzxM.jpg,https://image.tmdb.org/t/p/original/520WV4P5zcJulXNDMWARYIOIOZq.jpg,231620
The Flash,Series,Drama Sci-Fi & Fantasy,"After being struck by lightning, CSI investigator Barry Allen awakens from a nine-month coma to discover he has been  granted the gift of super speed.  Teaming up with S.T.A.R. Labs, Barry takes on the persona of The Flash, the Fastest  Man Alive, to protect his city.",7.759,https://image.tmdb.org/t/p/w500/yZevl2vHQgmosfwUdVNzviIfaWS.jpg,https://image.tmdb.org/t/p/original/gFkHcIh7iE5G0oVOgpmY8ONQjhl.jpg,60735
Who's the Murderer,Series,Crime Mystery Reality,"The cast is introduced to the settings and suspects of a murder case for the new episode. The cast then chooses their role in the episode, as a particular suspect or the detective.",8.4,https://image.tmdb.org/t/p/w500/dmWr4vJgvGMH8m60fuTh0wzYGde.jpg,https://image.tmdb.org/t/p/original/cakRVxJh1MI8Sj3aJ1f75uvUSze.jpg,74561
Peaky Blinders,Series,Drama Crime,"A gangster family epic set in 1919 Birmingham, England and centered on a gang who sew razor blades in the peaks of their caps, and their fierce boss Tommy Shelby, who means to move up in the world.",8.525,https://image.tmdb.org/t/p/w500/vUUqzWa2LnHIVqkaKVlVGkVcZIW.jpg,https://image.tmdb.org/t/p/original/wiE9doxiLwq3WCGamDIOb2PqBqc.jpg,60574
Modern Family,Series,Comedy,"The Pritchett-Dunphy-Tucker clan is a wonderfully large and blended family. They give us an honest and often hilarious look into the sometimes warm, sometimes twisted, embrace of the modern family.",7.91,https://image.tmdb.org/t/p/w500/k5Qg5rgPoKdh3yTJJrLtyoyYGwC.jpg,https://image.tmdb.org/t/p/original/nO7EzksrBzlNpAg5rgv8HzaBIkx.jpg,1421
The Walking Dead,Series,Action & Adventure Drama Sci-Fi & Fantasy,Sheriff's deputy Rick Grimes awakens from a coma to find a post-apocalyptic world dominated by flesh-eating zombies. He sets out to find his family and encounters many other survivors along the way.,8.083,https://image.tmdb.org/t/p/w500/ng3cMtxYKt1OSQYqFlnKWnVsqNO.jpg,https://image.tmdb.org/t/p/original/rAOjnEFTuNysY7bot8zonhImGMh.jpg,1402
Hunter x Hunter,Series,Sci-Fi & Fantasy Action & Adventure Animation Comedy Drama Anime,"Gon Freecss discovers that the father he had always been told was dead was actually alive the whole time. Ging is a famous Hunter: an individual who has proven themself an elite member of humanity. Gon becomes determined to follow in his father's footsteps, pass the rigorous Hunter Examination.",8.462,https://image.tmdb.org/t/p/w500/tddoUoSGKrVNV4LEMVmkd8y96XD.jpg,https://image.tmdb.org/t/p/original/575sxZXNNulSlIz7DvtWH5r4lkC.jpg,45952
CSI: Miami,Series,Drama Mystery Crime,"The show follows Crime Scene Investigators working for the Miami-Dade Police Department as they use physical evidence, similar to their Las Vegas counterparts, to solve grisly murders. The series mixes deduction, gritty subject matter, and character-driven drama in the same vein as the original series in the CSI franchise, except that the Miami CSIs are cops first, scientists second.",7.704,https://image.tmdb.org/t/p/w500/pNW64pjaHvf6purNaFhq4SHYRfl.jpg,https://image.tmdb.org/t/p/original/bhG1XJ1fubbZkLnoBAxNrzzGXOg.jpg,1620
The Good Doctor,Series,Drama,"Shaun Murphy, a young surgeon with autism and savant syndrome, relocates from a quiet country life to join a prestigious hospital's surgical unit. Unable to personally connect with those around him, Shaun uses his extraordinary medical gifts to save lives and challenge the skepticism of his colleagues.",8.458,https://image.tmdb.org/t/p/w500/luhKkdD80qe62fwop6sdrXK9jUT.jpg,https://image.tmdb.org/t/p/original/f3cin9kOz4nOrlYEMxGFQhv4bdN.jpg,71712
Watch What Happens Live with Andy Cohen,Series,Talk Comedy,Bravo network executive Andy Cohen discusses pop culture topics with celebrities and reality show personalities.,5.0,https://image.tmdb.org/t/p/w500/onSD9UXfJwrMXWhq7UY7hGF2S1h.jpg,https://image.tmdb.org/t/p/original/hINekSpbcBxjnjGqmIm6I4bz2ab.jpg,22980
Dexter,Series,Crime Drama Mystery,"Dexter Morgan, a blood spatter pattern analyst for the Miami Metro Police also leads a secret life as a serial killer, hunting down criminals who have slipped through the cracks of justice.",8.233,https://image.tmdb.org/t/p/w500/q8dWfc4JwQuv3HayIZeO84jAXED.jpg,https://image.tmdb.org/t/p/original/aSGSxGMTP893DPMCvMl9AdnEICE.jpg,1405
Vikings,Series,Action & Adventure Drama War & Politics,"The adventures of Ragnar Lothbrok, the greatest hero of his age. The series tells the sagas of Ragnar's band of Viking brothers and his family, as he rises to become King of the Viking tribes. As well as being a fearless warrior, Ragnar embodies the Norse traditions of devotion to the gods. Legend has it that he was a direct descendant of Odin, the god of war and warriors.",8.094,https://image.tmdb.org/t/p/w500/bQLrHIRNEkE3PdIWQrZHynQZazu.jpg,https://image.tmdb.org/t/p/original/13kblIK8DnxMurcRDkeyy2sGR7v.jpg,44217
Castle,Series,Drama Crime,"After a serial killer imitates the plots of his novels, successful mystery novelist Richard ""Rick"" Castle receives permission from the Mayor of New York City to tag along with an NYPD homicide investigation team for research purposes.",7.973,https://image.tmdb.org/t/p/w500/diXBeMzvfJb2iJg3G0kCUaMCzEc.jpg,https://image.tmdb.org/t/p/original/gfFpdIWSzx3DIevoUoJIX2aKmUD.jpg,1419
Late Night with Seth Meyers,Series,Talk Comedy,"Seth Meyers, who is ""Saturday Night Live's"" longest serving anchor on the show's wildly popular ""Weekend Update,"" takes over as host of NBC's ""Late Night"" — home to A-list celebrity guests, memorable comedy and the best in musical talent. As the Emmy Award-winning head writer for ""SNL,"" Meyers has established a reputation for sharp wit and perfectly timed comedy, and has gained fame for his spot-on jokes and satire. Meyers takes his departure from ""SNL"" to his new post at ""Late Night,"" as Jimmy Fallon moves to ""The Tonight Show"".",5.2,https://image.tmdb.org/t/p/w500/u8VruEGv7mtyJihVn2CSA1u90pk.jpg,https://image.tmdb.org/t/p/original/dfX2UaHVE5c7kLBFbgmEZJuy4Ev.jpg,61818
Chicago P.D.,Series,Crime Drama,"A riveting police drama about the men and women of the Chicago Police Department's District 21 who put it all on the line to serve and protect their community. District 21 is made up of two distinctly different groups: the uniformed cops who patrol the beat and go head-to-head with the city's street crimes and the Intelligence Unit that combats the city's major offenses - organized crime, drug trafficking, high profile murders and beyond.",8.42,https://image.tmdb.org/t/p/w500/bez40PgT36RUu4gstD2A6GSM0tP.jpg,https://image.tmdb.org/t/p/original/rhp8vYG1sIFtqH3ETmHJuI5Z3Cb.jpg,58841
Doctor Who,Series,Action & Adventure Drama Sci-Fi & Fantasy,"The Doctor is a Time Lord: a 900 year old alien with 2 hearts, part of a gifted civilization who mastered time travel. The Doctor saves planets for a living—more of a hobby actually, and the Doctor's very, very good at it.",7.602,https://image.tmdb.org/t/p/w500/m6G92osOtSeXwjSfL21jZCUOvxe.jpg,https://image.tmdb.org/t/p/original/tPwpc9Uo1Fly50urDxfGWWk7H77.jpg,57243
Doraemon,Series,Action & Adventure Animation Comedy Sci-Fi & Fantasy Kids Family Anime,"Robotic cat Doraemon is sent back in time from the 22nd century to protect 10-year-old Noby, a lazy and uncoordinated boy who is destined to have a tragic future. Doraemon can create secret gadgets from a pocket on his stomach, but they usually cause more bad than good because of Noby's propensity to misuse them.",8.037,https://image.tmdb.org/t/p/w500/9ZN1P32SHviL3SV51qLivxycvcx.jpg,https://image.tmdb.org/t/p/original/c2oiRa7V3bQzof4wVGzLXtWJ5QU.jpg,65733
Two and a Half Men,Series,Comedy,A hedonistic jingle writer's free-wheeling life comes to an abrupt halt when his brother and 10-year-old nephew move into his beach-front house.,7.454,https://image.tmdb.org/t/p/w500/xgfjxyV3g1S68opzuvG6G87muDp.jpg,https://image.tmdb.org/t/p/original/2pOmuq4nkWZzwZbOfZq7CyyQAsM.jpg,2691
Prison Break,Series,Action & Adventure Crime Drama,"Due to a political conspiracy, an innocent man is sent to death row and his only hope is his brother, who makes it his mission to deliberately get himself sent to the same prison in order to break the both of them out, from the inside out.",8.071,https://image.tmdb.org/t/p/w500/wnmNPaLvhnMeOqnWlhNkYCZxtda.jpg,https://image.tmdb.org/t/p/original/n3Brk7roueE9HOwVmYlJx5j462g.jpg,2288
The Late Show with Stephen Colbert,Series,Comedy Talk,"Stephen Colbert brings his signature satire and comedy to The Late Show with Stephen Colbert, the #1 show in late night, where he talks with an eclectic mix of guests about what is new and relevant in the worlds of politics, entertainment, business, music, technology, and more. Featuring bandleader Jon Batiste with his band Stay Human, the Emmy Award-nominated show is broadcast from the historic Ed Sullivan Theater.",6.1,https://image.tmdb.org/t/p/w500/9jkThAGYj2yp8jsS6Nriy5mzKFT.jpg,https://image.tmdb.org/t/p/original/gMMnf8VRg3Z98WaFmOLr9Jk8pIs.jpg,63770
24,Series,Action & Adventure Drama Crime,"Counterterrorism agent Jack Bauer fights the bad guys of the world, a day at a time. With each week's episode unfolding in real-time, ""24"" covers a single day in the life of Bauer each season.",7.783,https://image.tmdb.org/t/p/w500/iq6yrZ5LEDXf1ArCOYLq8PIUBpV.jpg,https://image.tmdb.org/t/p/original/be6mDIMv7cg8duWkcYVnTB8rphO.jpg,1973
Lois & Clark: The New Adventures of Superman,Series,Action & Adventure Drama Sci-Fi & Fantasy Comedy,"A much more lavish version of the popular Superman television series which had first aired forty years earlier, Lois & Clark focused more on the Man of Steel's early adult years in Metropolis. With the unknowing help of Lois Lane, Clark Kent created Superman there in Metropolis after finding work at the world-famous Daily Planet newspaper, where he meets fellow reporter Lois Lane.",6.953,https://image.tmdb.org/t/p/w500/1LbPs6i1h4BKjVUwK5S9GjPCydi.jpg,https://image.tmdb.org/t/p/original/2gzPDDhpP86MACQOu5aQg9DKyUc.jpg,4515
FBI,Series,Crime Action & Adventure Drama,"The New York office of the FBI brings to bear all their talents, intellect and technical expertise on major cases in order to keep their city and the country safe.",7.9,https://image.tmdb.org/t/p/w500/zfKS4WL0OZ9udpNoSYZw91VB3aH.jpg,https://image.tmdb.org/t/p/original/5DFvscYGpcFaQMJljCic5gbzVe6.jpg,80748
Arrow,Series,Crime Drama Action & Adventure,"Spoiled billionaire playboy Oliver Queen is missing and presumed dead when his yacht is lost at sea. He returns five years later a changed man, determined to clean up the city as a hooded vigilante armed with a bow.",6.835,https://image.tmdb.org/t/p/w500/u8ZHFj1jC384JEkTt3vNg1DfWEb.jpg,https://image.tmdb.org/t/p/original/wAFuDJfZJrnh6a1wf1Vt7PqYBvR.jpg,1412
Keep Running,Series,Comedy Reality,"Hurry Up, Brother! is a Chinese variety show based off the original Korean variety show, Running Man. It is created by SBS and co-produced with Zhejiang Television. It first aired on October 10, 2014. This show is classified as a game-variety show, where the MCs and guests complete missions in a landmark to win a race. In 2017, the show officially changed its name to ""Keep Running"".",5.7,https://image.tmdb.org/t/p/w500/lr4er9w2jHqFx8VFyASN8Q1LWzB.jpg,https://image.tmdb.org/t/p/original/pXss1GWhPOcf6SrmRJ4JSkIU3sE.jpg,98031
Better Call Saul,Series,Crime Drama,"Six years before Saul Goodman meets Walter White. We meet him when the man who will become Saul Goodman is known as Jimmy McGill, a small-time lawyer searching for his destiny, and, more immediately, hustling to make ends meet. Working alongside, and, often, against Jimmy, is “fixer” Mike Ehrmantraut. The series tracks Jimmy’s transformation into Saul Goodman, the man who puts “criminal” in “criminal lawyer"".",8.705,https://image.tmdb.org/t/p/w500/zjg4jpK1Wp2kiRvtt5ND0kznako.jpg,https://image.tmdb.org/t/p/original/og2jKploGHYnCz68vV1nRSEE0xV.jpg,60059
Stargate SG-1,Series,Sci-Fi & Fantasy Action & Adventure,"The story of Stargate SG-1 begins about a year after the events of the feature film, when the United States government learns that an ancient alien device called the Stargate can access a network of such devices on a multitude of planets. SG-1 is an elite Air Force special operations team, one of more than two dozen teams from Earth who explore the galaxy and defend against alien threats such as the Goa'uld, Replicators, and the Ori.",8.274,https://image.tmdb.org/t/p/w500/dQjmI7XxI47v8IM2MUysHG0LuU2.jpg,https://image.tmdb.org/t/p/original/yOyzlRw54oYaGvhUBdPr7TFwtrX.jpg,4629
Columbo,Series,Crime Drama Mystery,"Columbo is a friendly, verbose, disheveled-looking police detective who is consistently underestimated by his suspects. Despite his unprepossessing appearance and apparent absentmindedness, he shrewdly solves all of his cases and secures all evidence needed for indictment. His formidable eye for detail and meticulously dedicated approach often become clear to the killer only late in the storyline.",8.078,https://image.tmdb.org/t/p/w500/2JCD8vab3fircOU8cM2HJCxfv4I.jpg,https://image.tmdb.org/t/p/original/8xr2imLUMyvIybraMOq4umBl6nz.jpg,873
The Vampire Diaries,Series,Drama Sci-Fi & Fantasy,"The story of two vampire brothers obsessed with the same girl, who bears a striking resemblance to the beautiful but ruthless vampire they knew and loved in 1864.",8.303,https://image.tmdb.org/t/p/w500/b3vl6wV1W8PBezFfntKTrhrehCY.jpg,https://image.tmdb.org/t/p/original/cJYLon9ejKJV7ua03ab8Tj9u067.jpg,18165
The Sopranos,Series,Crime Drama,"The story of New Jersey-based Italian-American mobster Tony Soprano and the difficulties he faces as he tries to balance the conflicting requirements of his home life and the criminal organization he heads. Those difficulties are often highlighted through his ongoing professional relationship with psychiatrist Jennifer Melfi. The show features Tony's family members and Mafia associates in prominent roles and story arcs, most notably his wife Carmela and his cousin and protégé Christopher Moltisanti.",8.666,https://image.tmdb.org/t/p/w500/rTc7ZXdroqjkKivFPvCPX0Ru7uw.jpg,https://image.tmdb.org/t/p/original/lNpkvX2s8LGB0mjGODMT4o6Up7j.jpg,1398
Hawaii Five-0,Series,Crime Drama Action & Adventure,"Steve McGarrett returns home to Oahu, in order to find his father's killer. The governor offers him the chance to run his own task force (Five-0). Steve's team is joined by Chin Ho Kelly, Danny ""Danno"" Williams, and Kono Kalakaua.",7.739,https://image.tmdb.org/t/p/w500/sIdCKlmM2nU4akIvFQaAIiU8YES.jpg,https://image.tmdb.org/t/p/original/tLccUh3uazZ9TkLhe53UwprJhI4.jpg,32798
Desperate Housewives,Series,Mystery Drama Comedy,"Looking down on her friends and family isn't a way of life for Mary Alice Young... it's a way of death. One day, in her perfect house, in the loveliest of suburbs, Mary Alice ended it all. Now she's taking us into the lives of her family, friends and neighbors, commenting from her elevated P.O.V.",7.899,https://image.tmdb.org/t/p/w500/sywYmV9c9Vj2U7ocqNyfDt2pz3r.jpg,https://image.tmdb.org/t/p/original/hW9NOFs8xUevb90KQYHhbifp9Po.jpg,693
HaHaHaHaHa,Series,Reality,Road-type outdoor reality show. The five-kazakhstan tour group takes time out of the busy and trivial daily life to embark on a journey from east to west across China.,7.0,https://image.tmdb.org/t/p/w500/wynP4QFfZNYHW0ETAbKVY9UjSbF.jpg,https://image.tmdb.org/t/p/original/sih377ne4tNY0MLSvNuHBfxeVKg.jpg,112732
Lost,Series,Mystery Action & Adventure Drama,"Stripped of everything, the survivors of a horrific plane crash must work together to stay alive. But the island holds many secrets.",7.956,https://image.tmdb.org/t/p/w500/og6S0aTZU6YUJAbqxeKjCa3kY1E.jpg,https://image.tmdb.org/t/p/original/yUOFocKDW7MCC5isx4FK8A68QFp.jpg,4607
The Mandalorian,Series,Sci-Fi & Fantasy Action & Adventure,"After the fall of the Galactic Empire, lawlessness has spread throughout the galaxy. A lone gunfighter makes his way through the outer reaches, earning his keep as a bounty hunter.",8.407,https://image.tmdb.org/t/p/w500/sWgBv7LV2PRoQgkxwlibdGXKz1S.jpg,https://image.tmdb.org/t/p/original/9zcbqSxdsRMZWHYtyCd1nXPr2xq.jpg,82856
Person of Interest,Series,Drama Action & Adventure Crime Sci-Fi & Fantasy,"John Reese, former CIA paramilitary operative, is presumed dead and teams up with reclusive billionaire Finch to prevent violent crimes in New York City by initiating their own type of justice. With the special training that Reese has had in Covert Operations and Finch's genius software inventing mind, the two are a perfect match for the job that they have to complete. With the help of surveillance equipment, they work ""outside the law"" and get the right criminal behind bars. ",8.095,https://image.tmdb.org/t/p/w500/f8aIvYk5h7Z8EP3dinCmVgQFYow.jpg,https://image.tmdb.org/t/p/original/1UkDX6CK8hJ0oUtUycDTp5Vh9wO.jpg,1411
Blue Bloods,Series,Crime Drama,"A drama about a multi-generational family of cops dedicated to New York City law enforcement. Frank Reagan is the New York Police Commissioner and heads both the police force and the Reagan brood. He runs his department as diplomatically as he runs his family, even when dealing with the politics that plagued his unapologetically bold father, Henry, during his stint as Chief.",7.8,https://image.tmdb.org/t/p/w500/q1WlrxnCvNhBjJ4N7V0JQXjnIBN.jpg,https://image.tmdb.org/t/p/original/goDtZCB5pFIuuSfYDvApe6iXTID.jpg,32692
Bleach,Series,Action & Adventure Animation Sci-Fi & Fantasy Anime,"For as long as he can remember, Ichigo Kurosaki has been able to see ghosts. But when he meets Rukia, a Soul Reaper who battles evil spirits known as Hollows, he finds his life is changed forever. Now, with a newfound wealth of spiritual energy, Ichigo discovers his true calling: to protect the living and the dead from evil.",8.4,https://image.tmdb.org/t/p/w500/5iVUUnE2tgBPypACYNobCKHagfV.jpg,https://image.tmdb.org/t/p/original/o0NsbcIvsllg6CJX0FBFY8wWbsn.jpg,30984
Tom Clancy's Jack Ryan,Series,Action & Adventure Drama,"When CIA analyst Jack Ryan stumbles upon a suspicious series of bank transfers his search for answers pulls him from the safety of his desk job and catapults him into a deadly game of cat and mouse throughout Europe and the Middle East, with a rising terrorist figurehead preparing for a massive attack against the US and her allies.",7.7,https://image.tmdb.org/t/p/w500/cO4py3L3q5GNPrA0qr1wVDrosK1.jpg,https://image.tmdb.org/t/p/original/2y2TbzeKZHYqTN5gb4nBv9dKk1f.jpg,73375
Inspector Avinash,Series,Action & Adventure Mystery,"Set in 1998 UP, this is the story of a dynamic cop leading a Special Task Force which becomes instrumental in eliminating a dreaded weapons cartel.",5.0,https://image.tmdb.org/t/p/w500/cyX4lDfLOtejavCY5PbtRlk4C63.jpg,https://image.tmdb.org/t/p/original/5X8rPeV0VhcPND4OHwgaudRqZhf.jpg,226707
INVINCIBLE,Series,Animation Drama Sci-Fi & Fantasy Action & Adventure,"Mark Grayson is a normal teenager except for the fact that his father is the most powerful superhero on the planet. Shortly after his seventeenth birthday, Mark begins to develop powers of his own and enters into his father's tutelage.",8.634,https://image.tmdb.org/t/p/w500/4tblBrslcKSifMVZ3TmtT2ukMor.jpg,https://image.tmdb.org/t/p/original/9qrroces8C6R9aKr08hACNPVXdZ.jpg,95557
My Wife Has No Emotion,Series,Animation Sci-Fi & Fantasy Drama Comedy Anime,"Takuma isn’t the most exciting guy. He’s awkward, single, and does nothing but go to work and come home. Tired of doing chores, he decides to buy a housekeeping robot named Mina. She can cook and clean perfectly, and the two get to know each other better over time. Soon, Takuma starts to fall for Mina! But could a robot ever love him back?",6.5,https://image.tmdb.org/t/p/w500/ttaknfJP0qjg7kMKwH0w29fcE6d.jpg,https://image.tmdb.org/t/p/original/cQGq1oRSORK1xHnAvli4qXOBOTJ.jpg,250596
9-1-1,Series,Drama Crime Action & Adventure,"Explore the high-pressure experiences of police officers, paramedics and firefighters who are thrust into the most frightening, shocking and heart-stopping situations. These emergency responders must try to balance saving those who are at their most vulnerable with solving the problems in their own lives.",8.216,https://image.tmdb.org/t/p/w500/6njUqsd3By2mJsdZm1P0moPLzs3.jpg,https://image.tmdb.org/t/p/original/h050XJoiIobaH6bhj3MAhgilkpJ.jpg,75219
Lucifer,Series,Crime Sci-Fi & Fantasy,"Bored and unhappy as the Lord of Hell, Lucifer Morningstar abandoned his throne and retired to Los Angeles, where he has teamed up with LAPD detective Chloe Decker to take down criminals. But the longer he's away from the underworld, the greater the threat that the worst of humanity could escape.",8.434,https://image.tmdb.org/t/p/w500/ekZobS8isE6mA53RAiGDG93hBxL.jpg,https://image.tmdb.org/t/p/original/mAXOCbZzvmDa6PCh5dcIPOB51Qc.jpg,63174
Homeland,Series,Drama War & Politics Crime,"CIA officer Carrie Mathison is tops in her field despite being bipolar, which makes her volatile and unpredictable. With the help of her long-time mentor Saul Berenson, Carrie fearlessly risks everything, including her personal well-being and even sanity, at every turn.",7.587,https://image.tmdb.org/t/p/w500/6GAvS2e6VIRsms9FpVt33PsCoEW.jpg,https://image.tmdb.org/t/p/original/391ixi0wVbFtFLQnOy8ZncWv2io.jpg,1407
Reacher,Series,Action & Adventure Drama Crime,"Jack Reacher, a veteran military police investigator, has just recently entered civilian life. Reacher is a drifter, carrying no phone and the barest of essentials as he travels the country and explores the nation he once served.",8.078,https://image.tmdb.org/t/p/w500/31GlRQMiDunO8cl3NxTz34U64rf.jpg,https://image.tmdb.org/t/p/original/52Cg3g7mdekG0QsSlqz4bMBQDJI.jpg,108978
Frieren: Beyond Journey's End,Series,Animation Action & Adventure Drama Sci-Fi & Fantasy Anime,"After the party of heroes defeated the Demon King, they restored peace to the land and returned to lives of solitude.  Generations pass, and the elven mage Frieren comes face to face with humanity’s mortality. She takes on a new apprentice and promises to fulfill old friends’ dying wishes. Can an elven mind make peace with the nature of life and death? Frieren embarks on her quest to find out.",8.798,https://image.tmdb.org/t/p/w500/dqZENchTd7lp5zht7BdlqM7RBhD.jpg,https://image.tmdb.org/t/p/original/rBOnrVlck7BIlGeWVlzYiZeg4l2.jpg,209867
The X-Files,Series,Mystery Sci-Fi & Fantasy Crime,"The exploits of FBI Special Agents Fox Mulder and Dana Scully who investigate X-Files: marginalized, unsolved cases involving paranormal phenomena. Mulder believes in the existence of aliens and the paranormal while Scully, a skeptic, is assigned to make scientific analyses of Mulder's discoveries that debunk Mulder's work and thus return him to mainstream cases.",8.371,https://image.tmdb.org/t/p/w500/rcBx0p8h51LHceyhquYMxbspJQu.jpg,https://image.tmdb.org/t/p/original/w00lfexrsOeR25dO4hsWhbcUnmD.jpg,4087
MythBusters,Series,Documentary,"MythBusters is a science entertainment television program created and produced by Australia's Beyond Television Productions for the Discovery Channel. The show's hosts, special effects experts Adam Savage and Jamie Hyneman, use elements of the scientific method to test the validity of rumors, myths, movie scenes, adages, Internet videos, and news stories.",7.816,https://image.tmdb.org/t/p/w500/lvRnMu00NLGiTPijGZg9CRF3nuY.jpg,https://image.tmdb.org/t/p/original/edhROlXRob3TopjWJ5898GSvQpI.jpg,1428
Scene of the Crime,Series,Drama Crime,"Tatort is a long-running German/Austrian/Swiss, crime television series set in various parts of these countries. The show is broadcast on the channels of ARD in Germany, ORF in Austria and SF1 in Switzerland.",6.199,https://image.tmdb.org/t/p/w500/yh43TKi9himQWhzrlWBxV8WjsFn.jpg,https://image.tmdb.org/t/p/original/lUrtMjiunomHPDC2sQNIxswbmdU.jpg,3034
Spartacus,Series,Drama,"Torn from his homeland and the woman he loves, Spartacus is condemned to the brutal world of the arena where blood and death are primetime entertainment.",8.022,https://image.tmdb.org/t/p/w500/c2GKN4VHCj1dnjFMANRpGkCVBae.jpg,https://image.tmdb.org/t/p/original/zbfXS4o6UykeXsD8djFTyV7Cj4N.jpg,46296
Death in Paradise,Series,Comedy Crime Drama Mystery,A brilliant but idiosyncratic British detective and his resourceful local team solve baffling murder mysteries on the fictional Caribbean island of Saint Marie.,7.471,https://image.tmdb.org/t/p/w500/u7t6vCyqAdD5hE4eEfTrZmVljDi.jpg,https://image.tmdb.org/t/p/original/nCwAmyCcA6w1ZFjKrmwCRPiy4gt.jpg,41956
Marvel's The Punisher,Series,Action & Adventure Crime Drama,A former Marine out to punish the criminals responsible for his family's murder finds himself ensnared in a military conspiracy.,8.144,https://image.tmdb.org/t/p/w500/y6wYElX5HaPZItVGJcYGdQO7k8g.jpg,https://image.tmdb.org/t/p/original/jBGjbSDRxOEudW9rmQbWDzJUKq9.jpg,67178
Mushoku Tensei: Jobless Reincarnation,Series,Action & Adventure Animation Sci-Fi & Fantasy Anime,"When a 34-year-old underachiever gets run over by a truck, his story doesn't end there. Reincarnated in a new world as an infant, Rudy will seize every opportunity to live the life he's always wanted. Armed with new friends, some freshly acquired magical abilities, and the courage to do the things he's always dreamed of, he's embarking on an epic adventure—with all of his past experience intact!",8.555,https://image.tmdb.org/t/p/w500/gLKOYIMyKlUHW0SVdskhgf9C0yy.jpg,https://image.tmdb.org/t/p/original/j9fRIimor0AMFJR9kjZubXcABzZ.jpg,94664
Re:ZERO -Starting Life in Another World-,Series,Animation Action & Adventure Mystery Sci-Fi & Fantasy Drama Anime,"Natsuki Subaru, an ordinary high school  student, is on his way home from the convenience store when he finds  himself transported to another world. As he's lost and confused in a new  world where he doesn't even know left from right, the only person to  reach out to him was a beautiful girl with silver hair. Determined to  repay her somehow for saving him from his own despair, Subaru agrees to  help the girl find something she's looking for.",7.856,https://image.tmdb.org/t/p/w500/5MrRCj7z92YLWMXHeWKp19eJPYv.jpg,https://image.tmdb.org/t/p/original/x6y59dJBE1o0r4YRsWVQXE2nnlB.jpg,65942
Regular Show,Series,Animation Comedy Action & Adventure Sci-Fi & Fantasy,The surreal misadventures of two best friends - a blue jay and a raccoon - as they seek to liven up their mundane jobs as groundskeepers at the local park.,8.635,https://image.tmdb.org/t/p/w500/mS5SLxMYcKfUxA0utBSR5MOAWWr.jpg,https://image.tmdb.org/t/p/original/bhF63Jd90gRYyTHd4y5GCGA2vX6.jpg,31132
Raw,Series,Reality,"A regularly scheduled, live, year-round program featuring some of the biggest WWE Superstars.",6.832,https://image.tmdb.org/t/p/w500/fstEe6RsyNyPUnMwNcL20iNl0nE.jpg,https://image.tmdb.org/t/p/original/eGPH1IwktalozwCmeLTp3aPbHGC.jpg,4656
Private Practice,Series,Drama,"Having left behind Seattle Grace Hospital, renowned surgeon Addison Forbes Montgomery moves to Los Angeles for sunnier weather and happier possibilities. She reunites with her friends from medical school, joining them at their chic, co-op, Oceanside Wellness Center in Santa Monica.",7.542,https://image.tmdb.org/t/p/w500/pW20ANAGdrgreYJExduUVaWos6H.jpg,https://image.tmdb.org/t/p/original/2iYitemZYaZUcmSo0l2p3WHvj5J.jpg,3172
NCIS: Los Angeles,Series,Action & Adventure Drama Crime Mystery,"The exploits of the Los Angeles–based Office of Special Projects (OSP), an elite division of the Naval Criminal Investigative Service that specializes in undercover assignments.",7.538,https://image.tmdb.org/t/p/w500/TIIgcznwNfNr3KOZvxn26eKV99.jpg,https://image.tmdb.org/t/p/original/dAepkmD4vdfhS82r2OIqF1nwGR5.jpg,17610
Seinfeld,Series,Comedy,A stand-up comedian and his three offbeat friends weather the pitfalls and payoffs of life in New York City in the '90s. It's a show about nothing.,8.261,https://image.tmdb.org/t/p/w500/aCw8ONfyz3AhngVQa1E2Ss4KSUQ.jpg,https://image.tmdb.org/t/p/original/tMRdEsMg9MyXAkcufK9YJEeIaNW.jpg,1400
Berlin,Series,Drama Action & Adventure Crime,"During his glory days, Berlin and a gang assembled in Paris for one of his greatest plans ever: stealing 44 million euros' worth of jewels in one night.",7.6,https://image.tmdb.org/t/p/w500/69YuvoiWTtK6oyYH2Jl4Q6SgZ59.jpg,https://image.tmdb.org/t/p/original/179sUCj5AcFKdQpvDhkIX15NRgy.jpg,146176
Law & Order: Criminal Intent,Series,Drama,The third installment of the “Law & Order” franchise takes viewers deep into the minds of its criminals while following the intense psychological approaches the Major Case Squad uses to solve its crimes.,7.602,https://image.tmdb.org/t/p/w500/zgBg8gTCELQg73awE7qAuV06c4Z.jpg,https://image.tmdb.org/t/p/original/qLYumObEHeRHFMC6N3SfCrnBFjp.jpg,4601
Hello Saturday,Series,Reality,"""Hello, Saturday"" is the rebranding of the popular Chinese show ""Happy Camp"", hosted by He Jiong and with a fixed group of regular celebrity members.

The program showcases the talent of various stars as well as social topics through creative and diverse content and games. It aims to spread positive energy while keeping up with the current trends and leading youth culture.",6.4,https://image.tmdb.org/t/p/w500/wsTjWy6NE2s3h0neChr0D92ddwI.jpg,https://image.tmdb.org/t/p/original/pvOI0jUuBVigqNTXClGGhIK2dSk.jpg,154770
Wonderland,Series,Reality,"A social experiment reality show about the cultivation of an ideal community, inviting 15 guests to Taohuawu, 15KM away from the city center, to live together for 21 days, creating an ideal society in their hearts. See how they live, work, and live in harmony in friction and cooperation. It is also a journey to explore the source of material and spiritual consensus.",8.0,https://image.tmdb.org/t/p/w500/A3C6crK4GQPNt2f43Vq6l2c845Y.jpg,https://image.tmdb.org/t/p/original/Rseua6cAC83aVDNMExhzxHNqgy.jpg,126398
American Horror Story,Series,Drama Mystery Sci-Fi & Fantasy,"An anthology horror drama series centering on different characters and locations, including a house with a murderous past, an asylum, a witch coven, a freak show, a hotel, a farmhouse in Roanoke, a cult, the apocalypse and a summer camp.",8.083,https://image.tmdb.org/t/p/w500/x2c3AvZeTyNehRZXabTojAxfDuR.jpg,https://image.tmdb.org/t/p/original/a4doyPOabvQor0RGkWdhVENAR3G.jpg,1413
How I Met Your Mother,Series,Comedy,A father recounts to his children - through a series of flashbacks - the journey he and his four best friends took leading up to him meeting their mother.,8.131,https://image.tmdb.org/t/p/w500/b34jPzmB0wZy7EjUZoleXOl2RRI.jpg,https://image.tmdb.org/t/p/original/3f8aW6vcYRP6mTZdgXm83BiuB9t.jpg,1100
Monk,Series,Drama Comedy Crime Mystery,"Adrian Monk was once a rising star with the San Francisco Police Department, legendary for using unconventional means to solve the department's most baffling cases. But after the tragic (and still unsolved) murder of his wife Trudy, he developed an extreme case of obsessive-compulsive disorder. Now working as a private consultant, Monk continues to investigate cases in the most unconventional ways.",7.948,https://image.tmdb.org/t/p/w500/3axGMbUecXXOPSeG47v2i9wK5y5.jpg,https://image.tmdb.org/t/p/original/dMY7XUfEAK0Rl8hsgc8ufEOaiZ2.jpg,1695
Binnelanders,Series,Soap,"A South African Afrikaans soap opera. It is set in and around the fictional private hospital, Binneland Kliniek, in Pretoria, and the storyline follows the trials, trauma and tribulations of the staff and patients of the hospital.",5.545,https://image.tmdb.org/t/p/w500/3bzECfllho8PphdYujLUIuhncJD.jpg,https://image.tmdb.org/t/p/original/s1dTt4M31q2HwD5Fkl1tf5tQzJg.jpg,206559
Grimm,Series,Drama Mystery Sci-Fi & Fantasy,"After Portland homicide detective Nick Burkhardt discovers he's descended from an elite line of criminal profilers known as ""Grimms,"" he increasingly finds his responsibilities as a detective at odds with his new responsibilities as a Grimm.",8.267,https://image.tmdb.org/t/p/w500/iOptnt1QHi6bIHmOq6adnZTV0bU.jpg,https://image.tmdb.org/t/p/original/oS3nip9GGsx5A7vWp8A1cazqJlF.jpg,39351
Pokémon,Series,Animation Action & Adventure Sci-Fi & Fantasy Anime,"Join Ash accompanied by his partner Pikachu, as he travels through many regions, meets new friends and faces new challenges on his quest to become a Pokémon Master.",7.979,https://image.tmdb.org/t/p/w500/lP4zwr0F7hWTbAFltfoFTc2AxRG.jpg,https://image.tmdb.org/t/p/original/yYpQV25I7XB6S0POJOScPjxYWV5.jpg,60572
The Graham Norton Show,Series,Comedy Talk,Each week celebrity guests join Irish comedian Graham Norton to discuss what's being going on around the world that week. The guests poke fun and share their opinions on the main news stories. Graham is often joined by a band or artist to play the show out.,7.2,https://image.tmdb.org/t/p/w500/vrbqaBXB8AALynQzpWz6JdCPEJS.jpg,https://image.tmdb.org/t/p/original/5UNcEz7Lc3OGilpPn1Tb9cd1xsc.jpg,1220
SPY x FAMILY,Series,Animation Action & Adventure Comedy Anime,"A spy, an assassin and a telepath come together to pose as a family, each for their own reasons, while hiding their true identities from each other.",8.507,https://image.tmdb.org/t/p/w500/7NAvPYPAu7MeHwP8E9sn81PqsRh.jpg,https://image.tmdb.org/t/p/original/lysUnU6V0VfcthDbviuVlIqgHOR.jpg,120089
The Kelly Clarkson Show,Series,Talk,"Kelly Clarkson presents the biggest newsmakers and names in film, television and music; as well as emerging new talent and everyday people who are beacons of hope in their communities.",6.4,https://image.tmdb.org/t/p/w500/sBix25bie9UQFzbarN51DpFO5ky.jpg,https://image.tmdb.org/t/p/original/bk7QdAIUqkGpZO5GUX4AMB2AZIB.jpg,82873
Weak Hero,Series,Action & Adventure Drama,"With the aid of unexpected friends, a gifted but introverted student confronts bullies and violent foes — unaware of how dangerous his world will become.",8.7,https://image.tmdb.org/t/p/w500/dbqNBeLvAWFqpAvdBc0cecaqytT.jpg,https://image.tmdb.org/t/p/original/cLTAda6fMRirkCY1xfO4pmcHVkk.jpg,200709
JoJo's Bizarre Adventure,Series,Animation Action & Adventure Sci-Fi & Fantasy Anime,"Follow the intergenerational feud between the Joestar Family and various forces of evil, the most prominent of which is Dio Brando and his followers.",8.558,https://image.tmdb.org/t/p/w500/ogAWwbh3frWtiTyyXrZaVFtqCgp.jpg,https://image.tmdb.org/t/p/original/mLKN1dsimKPiXCZ48KED0X8a02t.jpg,45790
Westworld,Series,Sci-Fi & Fantasy Western,"A dark odyssey about the dawn of artificial consciousness and the evolution of sin. Set at the intersection of the near future and the reimagined past, it explores a world in which every human appetite, no matter how noble or depraved, can be indulged.",8.02,https://image.tmdb.org/t/p/w500/ALlSU9du9iRiKIIoY1sREGNqQ5.jpg,https://image.tmdb.org/t/p/original/rX5hvSRB2k4YoIvRg6Zky52rWk0.jpg,63247
Charmed,Series,Comedy Drama Mystery Sci-Fi & Fantasy,"Three sisters (Prue, Piper and Phoebe) reunite and unlock their powers to become the Charmed Ones, the most powerful good witches of all time, whose prophesied destiny is to protect innocent lives from evil beings such as demons and warlocks. Each sister possesses unique magical powers that grow and evolve, while they attempt to maintain normal lives in modern day San Francisco. ",8.163,https://image.tmdb.org/t/p/w500/z4bPJ1BWU2EtV69NII2GVvsugQ2.jpg,https://image.tmdb.org/t/p/original/ueZFcwAUvkjyAB9beaiqJyg0M8H.jpg,1981
Naruto,Series,Animation Action & Adventure Sci-Fi & Fantasy Anime,"Naruto Uzumaki, a mischievous adolescent ninja, struggles as he searches for recognition and dreams of becoming the Hokage, the village's leader and strongest ninja.",8.364,https://image.tmdb.org/t/p/w500/xppeysfvDKVx775MFuH8Z9BlpMk.jpg,https://image.tmdb.org/t/p/original/mpsYIytXhDXjI9yYC1Fp1S3PxsS.jpg,46260
Fights Break Sphere,Series,Animation Action & Adventure Sci-Fi & Fantasy Donghua,"In a land where no magic is present. A land where the strong make the rules and weak have to obey. A land filled with alluring treasures and beauty, yet also filled with unforeseen danger. Three years ago, Xiao Yan, who had shown talents none had seen in decades, suddenly lost everything. His powers, his reputation, and his promise to his mother. What sorcery has caused him to lose all of his powers? And why has his fiancee suddenly shown up?",8.2,https://image.tmdb.org/t/p/w500/a9bJPlezCXF6u0siDxf7cZaSXaJ.jpg,https://image.tmdb.org/t/p/original/9y6yZz4fTBvQLYEBeDP8O9e6VBe.jpg,79481
Charmsukh,Series,Drama,"Charmsukh is an erotic, drama web-series streamed on ULLU network with each episode having unique storyline.",7.0,https://image.tmdb.org/t/p/w500/6Kt9zIsrtqs1x1XyNFxOeEjlkKB.jpg,https://image.tmdb.org/t/p/original/9A07STwXqS46yDlR0FMSt9kIO3L.jpg,97072
Seeking Persephone,Series,Drama,"To save her family, Persephone marries a cold, distant duke - never expecting to awaken a love that could change them both forever.",8.625,https://image.tmdb.org/t/p/w500/tJsS5oFvcKsJ3NdlTbuG7nyCDIK.jpg,https://image.tmdb.org/t/p/original/x0zAZmhH4Pbo6PctR5WzWoJ7SAV.jpg,316830
JAG,Series,Drama Action & Adventure Crime,"Harmon ""Harm"" Rabb Jr. is a former pilot turned lawyer working for the military's JAG (Judge Advocate General) division, the elite legal wing of officers that prosecutes and defends those accused of military-related crimes. He works closely with Lt. Col. Sarah Mackenzie, and together they do what needs to be done to find the truth.",7.3,https://image.tmdb.org/t/p/w500/zPyHpkJZ5O08lbgrQQIROXtb3xz.jpg,https://image.tmdb.org/t/p/original/rxnschfLZf3ZPRiIa6oBBMtY7hF.jpg,4376
Saturday Night Live,Series,Comedy News,"A late-night live television sketch comedy and variety show created by Lorne Michaels. The show's comedy sketches, which parody contemporary culture and politics, are performed by a large and varying cast of repertory and newer cast members. Each episode is hosted by a celebrity guest, who usually delivers an opening monologue and performs in sketches with the cast, and features performances by a musical guest.",6.948,https://image.tmdb.org/t/p/w500/s1cZBqbMwAF3w8S3Yo0j5nr2Yuo.jpg,https://image.tmdb.org/t/p/original/sSAX59Kf01lBRkBW4UcIL4kIoIm.jpg,1667
AIBOU: Tokyo Detective Duo,Series,Drama Crime Mystery,"Detective Ukyo Sugishita confronts crime on the basis of his own convictions. He has a partner that works for him in the Special Task Unit. For the first 7 seasons, Ukyo’s first partner is Kaoru Kameyama. He is a good-natured, hot-tempered, straightforward and somewhat scattered detective. Beginning in Season 8, Takeru Kanbe replaces Kameyama. Contrary to his predecessor, Takeru is a lanky, cool, conceited and confident detective. From Season 11 to Season 13, Ukyo’s partner is a young detective Toru Kai. Toru is a son of Deputy Director-General of The National Police Agency. But he became a detective by his own effort. And starting with Season 14, Ukyo’s current partner is Wataru Kaburagi, an elite bureaucrat who came to the Metropolitan Police Department on temporary assignment. As the first partner without any career of a police officer, he will face challenging cases together with Ukyo.",7.545,https://image.tmdb.org/t/p/w500/8u8rCCeuBufMQ1VlGX0lruhDaPR.jpg,https://image.tmdb.org/t/p/original/ka4rcpCCBPAATLdQEn57qZQT8e4.jpg,40663
Fargo,Series,Crime Drama,"A close-knit anthology series dealing with stories involving malice, violence and murder based in and around Minnesota.",8.3,https://image.tmdb.org/t/p/w500/a3VW6khsyUVKrG0GBCWFG3NzWPX.jpg,https://image.tmdb.org/t/p/original/4jrSbRpLqpvYJtLKncaxZVC47EW.jpg,60622
Late Show with David Letterman,Series,Talk Comedy,"David Letterman uses mature humor to appeal to his audience in this weeknight series, which gets its music from a house band led by Paul Shaffer. Among the show's most-famous segments are the Top Ten List and Stupid Pet Tricks, the latter of which subsequently led to an additional recurring segment called Stupid Human Tricks.",6.439,https://image.tmdb.org/t/p/w500/3wzEg2MknkM5AGytRrb1DRife6F.jpg,https://image.tmdb.org/t/p/original/7jEnft2CLNbILWAiBRIBrXNN7Qh.jpg,498
Young Sheldon,Series,Comedy Family Drama,"The early life of child genius Sheldon Cooper, later seen in The Big Bang Theory.",8.036,https://image.tmdb.org/t/p/w500/kidkbZRBGbsEIrX7pODRSKi9ipl.jpg,https://image.tmdb.org/t/p/original/nlDBlCtorM7nx130wYnfR5ZmyLX.jpg,71728
Real Time with Bill Maher,Series,Comedy Talk,"Each week Bill Maher surrounds himself with a panel of guests which include politicians, actors, comedians, musicians and the like to discuss what's going on in the world.",6.048,https://image.tmdb.org/t/p/w500/pbpoLLp4kvnYVfnEGiEhagpJuVZ.jpg,https://image.tmdb.org/t/p/original/njEGYHyq58q94ZPJlSGs6bGrepv.jpg,4419
Psych,Series,Drama Comedy Crime,"Thanks to his police officer father's efforts, Shawn Spencer spent his childhood developing a keen eye for detail (and a lasting dislike of his dad). Years later, Shawn's frequent tips to the police lead to him being falsely accused of a crime he solved.

Now, Shawn has no choice but to use his abilities to perpetuate his cover story: psychic crime-solving powers, all the while dragging his best friend, his dad, and the police along for the ride.",7.906,https://image.tmdb.org/t/p/w500/fDI15gTVbtW5Sbv5QenqecRxWKJ.jpg,https://image.tmdb.org/t/p/original/sh7GRlX4d7j3XSTeyGZnlKqkHGk.jpg,1447
ER,Series,Drama,ER explores the inner workings of an urban teaching hospital and the critical issues faced by the dedicated physicians and staff of its overburdened emergency room.,7.833,https://image.tmdb.org/t/p/w500/fuS63AoFTkprf8PFeL1f8z68zJr.jpg,https://image.tmdb.org/t/p/original/b1t0mS2MAqnMdh5opqi94rlDEjn.jpg,4588
Sons of Anarchy,Series,Crime Drama,"The Sons of Anarchy (SOA) are an outlaw motorcycle club with many charters in the United States and overseas. The show focused on the original and founding charter, Sons of Anarchy Motorcycle Club, Redwood Original, often referred to by the acronym SAMCRO, Sam Crow, or simply Redwood Charter. The charter operates both legal and illegal businesses in the small town of Charming, California. They combine gun-running and a garage, and involvement in porn film industry. Clay, the charter president, likes it old school and violent; while Jax, his stepson and the club's VP, has thoughts about changing the way things are done. Their conflict has effects on both the club and their personal relationship, especially when Jax goes on a personal quest to cleanse the SAMCRO name and image.",8.415,https://image.tmdb.org/t/p/w500/kiy8BHtIHAslh81rvFcZ4wbNGdY.jpg,https://image.tmdb.org/t/p/original/mcgZDwhMlrFsfpbvCeg5RY5mhiu.jpg,1409
The Good Wife,Series,Drama,Alicia Florrick boldly assumes full responsibility for her family and re-enters the workforce after her husband's very public sex and political corruption scandal lands him in jail.,7.586,https://image.tmdb.org/t/p/w500/lasNCd45fpPLirlA7QxkuopWro.jpg,https://image.tmdb.org/t/p/original/uinrziSwEmS6s8VvGBad5sed7bF.jpg,1435
Conan,Series,Talk Comedy News,A late night television talk show hosted by  Conan O'Brien.,7.177,https://image.tmdb.org/t/p/w500/oQxrvUhP3ycwnlxIrIMQ9Z3kleq.jpg,https://image.tmdb.org/t/p/original/jO803koX4pYjGuxjOkLytCusuJm.jpg,32415
Frasier,Series,Comedy Family,"After many years spent at the “Cheers” bar, Frasier moves back home to Seattle to work as a radio psychiatrist after his policeman father gets shot in the hip on duty.",7.694,https://image.tmdb.org/t/p/w500/gYAb6GCVEFsU9hzMCG5rxaxoIv3.jpg,https://image.tmdb.org/t/p/original/4FqKFhF4BrNsrK3EdRpVJofVqCp.jpg,3452
PAW Patrol,Series,Animation Kids,"Marshall, Rocky, Rubble, Zuma and Skye are doing their best to protect the people of their town. Led by Ryder, a tech-savvy 10-year-old boy, each of them is equipped with special equipment and together they help anyone who finds themselves in trouble. No task is too big for them and no puppy is too small.",6.982,https://image.tmdb.org/t/p/w500/8HXkgUBO5OF8ZK9XbY69RM4S5rv.jpg,https://image.tmdb.org/t/p/original/7OrV2aAH5Yp7hA9zCCvUloLvZtl.jpg,57532
Star Wars: The Clone Wars,Series,Action & Adventure Sci-Fi & Fantasy Animation,"Yoda, Obi-Wan Kenobi, Anakin Skywalker, Mace Windu and other Jedi Knights lead the Grand Army of the Republic against the droid army of the Separatists.",8.468,https://image.tmdb.org/t/p/w500/e1nWfnnCVqxS2LeTO3dwGyAsG2V.jpg,https://image.tmdb.org/t/p/original/m6eRgkR1KC6Mr6gKx6gKCzSn6vD.jpg,4194
Brooklyn Nine-Nine,Series,Comedy Crime,"A single-camera ensemble comedy following the lives of an eclectic group of detectives in a New York precinct, including one slacker who is forced to shape up when he gets a new boss.",8.211,https://image.tmdb.org/t/p/w500/A3SymGlOHefSKbz1bCOz56moupS.jpg,https://image.tmdb.org/t/p/original/wyspZaGs7CXceV3Ct7NJhcKNDkn.jpg,48891
Elementary,Series,Drama Mystery Crime,"A modern-day drama about a crime-solving duo that cracks the NYPD's most impossible cases. Following his fall from grace in London and a stint in rehab, eccentric Sherlock escapes to Manhattan where his wealthy father forces him to live with his worst nightmare - a sober companion, Dr. Watson.",7.628,https://image.tmdb.org/t/p/w500/q9dObe29W4bDpgzUfOOH3ZnzDbR.jpg,https://image.tmdb.org/t/p/original/7sJrNKwzyJWnFPFpDL9wnZ859LZ.jpg,1415
South Park,Series,Animation Comedy,"Follow the misadventures of four irreverent grade-schoolers in the quiet, dysfunctional town of South Park, Colorado.",8.341,https://image.tmdb.org/t/p/w500/1CGwZCFX2qerXaXQJJUB3qUvxq7.jpg,https://image.tmdb.org/t/p/original/3UviYOlhn8EgXMBuiT6MnUuo1w9.jpg,2190
Tokyo Ghoul,Series,Animation Drama Sci-Fi & Fantasy Anime,"Ken Kaneki, a bookworm college student, meets Rize, a girl his own age with whom he shares many interests.",8.265,https://image.tmdb.org/t/p/w500/1m4RlC9BTCbyY549TOdVQ5NRPcR.jpg,https://image.tmdb.org/t/p/original/jnwRlthXIgJB75Mt9GEl93Dczki.jpg,61374
Gilmore Girls,Series,Comedy Drama,"Set in the charming town of Stars Hollow, Connecticut, the series follows the captivating lives of Lorelai and Rory Gilmore, a mother/daughter pair who have a relationship most people only dream of.",7.898,https://image.tmdb.org/t/p/w500/gwtzCwU2wdLLf8oejQu2TINiWfQ.jpg,https://image.tmdb.org/t/p/original/8U2ndZrneigI2zkvGuTJtt1ZsxK.jpg,4586
Star Trek: The Next Generation,Series,Sci-Fi & Fantasy Action & Adventure Drama Mystery,"Follow the intergalactic adventures of Capt. Jean-Luc Picard and his loyal crew aboard the all-new USS Enterprise NCC-1701D, as they explore new worlds.",8.4,https://image.tmdb.org/t/p/w500/vkLzXddgUKH5VcpnYiRzpJFrZhz.jpg,https://image.tmdb.org/t/p/original/qmliLoo6GVheM2FihatlAXxCKyF.jpg,655
Bloodhounds,Series,Drama Action & Adventure Crime,"Faced with ruthless foes with a violent thirst, two young boxers band together — risking life and limb to bring justice and protect their loved ones.",8.4,https://image.tmdb.org/t/p/w500/uSQzD7TXsL96J5ggDrJFdUs8uXU.jpg,https://image.tmdb.org/t/p/original/zhsEnDNCQX5dlI2wbKzV90pV0B9.jpg,127529
Zhan Zhao Adventures,Series,Drama Mystery,"Zhan Zhao, a fourth-ranked imperial guard, embarks on a solo investigation after receiving evidence of a cold case. Along the way, he encounters the strong-willed Miss Huo Linglong and the justice-driven Bai Yutang. The three like-minded companions join forces to uncover clues, uphold justice, and capture criminals. Together, they work to expose a dangerous web of power that has infiltrated both the court and the martial world, ultimately restoring peace to the people.",7.0,https://image.tmdb.org/t/p/w500/jeSvTYUjRtV0xNjEupHpMgrBwsZ.jpg,https://image.tmdb.org/t/p/original/aqhB6P6x5wCk4lJqeXvRaD941xM.jpg,254486
Without a Trace,Series,Crime Mystery Action & Adventure Drama,The series follows the ventures of a Missing Persons Unit of the FBI in New York City.,7.251,https://image.tmdb.org/t/p/w500/iNhE283iY7xtS8zCjhSxpTfOzn0.jpg,https://image.tmdb.org/t/p/original/9PBVvl5o88WyKoynCYsws9jkGAl.jpg,2593
Fire in His Fingertips,Series,Comedy Animation Anime,"Office worker Ryou Fujihashi is trapped inside her apartment which has set ablaze. The firefighters arrive in time to save her, and one of them happens to be Souma Mizuno, Fujihashi's childhood friend who she had a crush on. As the apartment fire gets put out, an old love gets rekindled.",6.905,https://image.tmdb.org/t/p/w500/yHUDRf2e9FGeWXPsT5lVF3iCUwc.jpg,https://image.tmdb.org/t/p/original/lLOLKqe6r7uESLDcoO4TaZPHNdW.jpg,90388
Perry Mason,Series,Mystery Drama Crime,The cases of master criminal defense attorney Perry Mason and his staff who handled the most difficult of cases in the aid of the innocent.,7.706,https://image.tmdb.org/t/p/w500/sK6JvgNFP1ClT4aF4nPAZiDpAdk.jpg,https://image.tmdb.org/t/p/original/iq4BjyVsDxzg24XnjoGP0Xi2Tz5.jpg,4177
Bosch,Series,Mystery Drama Crime,"Harry Bosch, an LAPD homicide detective, stands trial for the fatal shooting of a serial murder suspect. A cold case involving the remains of a missing boy forces Bosch to confront his past. As daring recruit Julia Brasher catches his eye and departmental politics heat up, Bosch will pursue justice at all costs.",7.919,https://image.tmdb.org/t/p/w500/vVwyo9fwHp5zhX96CzpuRBFl2SJ.jpg,https://image.tmdb.org/t/p/original/23S5oKZjlXehjNLEhMQuxjwbyuA.jpg,60585
Dallas,Series,Soap Drama Family,"The world's first mega-soap, and one of the most popular ever produced, Dallas had it all. Beautiful women, expensive cars, and men playing Monopoly with real buildings. Famous for one of the best cliffhangers in TV history, as the world asked ""Who shot J.R.?"" A slow-burner to begin with, Dallas hit its stride in the 2nd season, with long storylines and expert character development. Dallas ruled the airwaves in the 1980's.",6.849,https://image.tmdb.org/t/p/w500/A1dupjBm7rXqBw2Dbz9WUsHoyxo.jpg,https://image.tmdb.org/t/p/original/5Z40OJgNeedcAgqPRTGQzlk17Mv.jpg,40
Men on a Mission,Series,Reality Comedy,"Male celebs play make-believe as high schoolers, welcoming star transfer students every week and engaging in battles of witty humor and slapstick.",7.5,https://image.tmdb.org/t/p/w500/2jIi55JtYKJTL1km8qHMuUilOWo.jpg,https://image.tmdb.org/t/p/original/a8a8z4aJr40zYgRMfmSESppX2eO.jpg,70672
Naruto Shippūden,Series,Animation Action & Adventure Sci-Fi & Fantasy Anime,"After 2 and a half years Naruto finally returns to his village of Konoha, and sets about putting his ambitions to work. It will not be easy though as he has amassed a few more dangerous enemies, in the likes of the shinobi organization; Akatsuki.",8.5,https://image.tmdb.org/t/p/w500/kV27j3Nz4d5z8u6mN3EJw9RiLg2.jpg,https://image.tmdb.org/t/p/original/z0YhJvomqedHF85bplUJEotkN5l.jpg,31910
The Pitt,Series,Drama,The staff of Pittsburgh's Trauma Medical Center work around the clock to save lives in an overcrowded and underfunded emergency department.,8.745,https://image.tmdb.org/t/p/w500/kvFSpESyBZMjaeOJDx7RS3P1jey.jpg,https://image.tmdb.org/t/p/original/z3BkMbCy5ajZPMyKEUwsPHuz2cV.jpg,250307
You,Series,Mystery Crime Drama,"A dangerously charming, obsessive man goes to extreme measures to insert himself into the lives of women who fascinate him.",8.011,https://image.tmdb.org/t/p/w500/oANi0vEE92nuijiZQgPZ88FSxqQ.jpg,https://image.tmdb.org/t/p/original/gzOIymABxmetAECXtazEYCpMmfb.jpg,78191
Fringe,Series,Sci-Fi & Fantasy Drama Mystery,"FBI Special Agent Olivia Dunham, brilliant but formerly institutionalized scientist Walter Bishop and his scheming, reluctant son Peter uncover a deadly mystery involving a series of unbelievable events and realize they may be a part of a larger, more disturbing pattern that blurs the line between science fiction and technology.",8.1,https://image.tmdb.org/t/p/w500/sY9hg5dLJ93RJOyKEiu1nAtBRND.jpg,https://image.tmdb.org/t/p/original/eksjqZGaGUtSZJD6nWQPsqzDMn0.jpg,1705
Chihayafuru,Series,Animation Drama Anime,"Chihaya Ayase has spent most of her life supporting her sister’s model career. When she meets a boy named Arata Wataya, he thinks Chihaya has potential to become a great karuta player. As Chihaya dreams of becoming Japan's best karuta player, she is soon separated from her karuta playing friends. Now in high school, Chihaya still plays karuta in the hope that she will one day meet her friends again.",7.591,https://image.tmdb.org/t/p/w500/x1yYnCaK8gLnLgQSnd9IGoapHbx.jpg,https://image.tmdb.org/t/p/original/e1R4kNrWvSfb8AVViMp0okVJfuk.jpg,45247
Adam's Sweet Agony,Series,Animation Anime,"This is the story of a boy, who became the lone Adam among four billion Eves. In a world where a pandemic has rendered all men impotent, high school student Itsuki is the exception who escaped it. In order to protect this secret, he transfers to a very special high school, which turns out to be composed of 90% girls! There, he encounters an upbeat and friendly senior, a sexually frustrated female teacher, a tomboyish school 'prince,' and an heiress from a wealthy family. For Itsuki, who has his pick of any woman in the world, the question remains: which one will he choose?",6.786,https://image.tmdb.org/t/p/w500/1n1ZP0KHXUSvVxZG63x7aOzmO4M.jpg,https://image.tmdb.org/t/p/original/bM4nCynOSA5oCNqLsqb1Fo56sZQ.jpg,241002
One Tree Hill,Series,Drama,"In Tree Hill, North Carolina two half brothers share a last name and nothing else. Brooding, blue-collar Lucas is a talented street-side basketball player, but his skills are appreciated only by his friends at the river court. Popular, affluent Nathan basks in the hero-worship of the town, as the star of his high school team. And both boys are the son of former college ball player Dan Scott whose long ago choice to abandon Lucas and his mother Karen, will haunt him long into his life with wife Deb and their son Nathan.",7.8,https://image.tmdb.org/t/p/w500/sOrelBaAhp7DZbPTivDwKEyPslC.jpg,https://image.tmdb.org/t/p/original/eDNSgT1xPMKYcEzJ5GG0PCE3NcN.jpg,269
Daredevil: Born Again,Series,Drama Action & Adventure Crime,"Matt Murdock, a blind lawyer with heightened abilities, is fighting for justice through his bustling law firm, while former mob boss Wilson Fisk pursues his own political endeavors in New York. When their past identities begin to emerge, both men find themselves on an inevitable collision course.",8.173,https://image.tmdb.org/t/p/w500/xDUoAsU8lQHOOoRkFiBuarmACDN.jpg,https://image.tmdb.org/t/p/original/qrTAc0ZtQ859Qu5O8cixJzNJpQs.jpg,202555
Malcolm in the Middle,Series,Comedy,"A gifted young teen tries to survive life with his dimwitted, dysfunctional family.",8.47,https://image.tmdb.org/t/p/w500/uftxEWbn3OSykTy4DX4BrdVeiuv.jpg,https://image.tmdb.org/t/p/original/si3OheCrSpEyK2JUtZOThsZPUR4.jpg,2004
Solo Leveling,Series,Animation Action & Adventure Sci-Fi & Fantasy Anime,"They say whatever doesn’t kill you makes you stronger, but that’s not the case for the world’s weakest hunter Sung Jinwoo. After being brutally slaughtered by monsters in a high-ranking dungeon, Jinwoo came back with the System, a program only he could see, that’s leveling him up in every way. Now, he’s inspired to discover the secrets behind his powers and the dungeon that spawned them.",8.644,https://image.tmdb.org/t/p/w500/geCRueV3ElhRTr0xtJuEWJt6dJ1.jpg,https://image.tmdb.org/t/p/original/xMNH87maNLt9n2bMDYeI6db5VFm.jpg,127532
CSI: NY,Series,Crime Drama Mystery,"Follow the investigations of a team of NYPD forensic scientists and police officers identified as ""Crime Scene Investigators"".",7.321,https://image.tmdb.org/t/p/w500/4TGV4Bb3OPay4cHkQRlfwghv3vC.jpg,https://image.tmdb.org/t/p/original/qn4xPcrZnYUKk9gSQd1yuNn6xqk.jpg,2458
Secret Mission - Undercover Agents Never Back Down!,Series,Animation Anime,"Narcotics Enforcement Agent Riko Ikazuchi is undercover with her junior colleague Noma in an apartment that serves as the hideout for a criminal organization. Despite Riko and Noma posing as a newlywed couple, the criminals begin to suspect them after not hearing any marital intimacy during the night. To convince them that they are a loving couple, Noma starts touching Riko's body...",6.1,https://image.tmdb.org/t/p/w500/xZV8e1iKi85PFZlbQBdznvtpAVJ.jpg,https://image.tmdb.org/t/p/original/5IBSPGPAEFEkEJo4leqvpq0RcKf.jpg,233643
The West Wing,Series,Drama,The West Wing provides a glimpse into presidential politics in the nation's capital as it tells the stories of the members of a fictional presidential administration. These interesting characters have humor and dedication that touches the heart while the politics that they discuss touch on everyday life.,8.259,https://image.tmdb.org/t/p/w500/yqDWr5NAE7m1IWrygYwLyEB6pN0.jpg,https://image.tmdb.org/t/p/original/o6ixncGLOtRPz78vEIy9p1cOn9J.jpg,688
The Cleaning Lady,Series,Crime Drama,"A whip-smart doctor comes to the U.S. for a medical treatment to save her ailing son. But when the system fails and pushes her into hiding, she refuses to be beaten down and marginalized. Instead, she becomes a cleaning lady for the mob and starts playing the game by her own rules.",7.418,https://image.tmdb.org/t/p/w500/aoTQhDKiuKpn599yNxp03wr2ZHu.jpg,https://image.tmdb.org/t/p/original/eVGaiNUPhwKyiuWH6LfNa60JFyQ.jpg,125282
The Colbert Report,Series,News Comedy,"The Colbert Report is an American satirical late night television program. It stars political humorist Stephen Colbert, a former correspondent for The Daily Show with Jon Stewart. The Colbert Report is a spin-off from and counterpart to The Daily Show that comments on politics and the media in a similar way. The show focuses on a fictional anchorman character named Stephen Colbert, played by his real-life namesake. The character, described by Colbert as a ""well-intentioned, poorly informed, high-status idiot"", is a caricature of televised political pundits.",6.943,https://image.tmdb.org/t/p/w500/pn2CVXjOlR8kY5MgOTJjZ71IM0Q.jpg,https://image.tmdb.org/t/p/original/Ajku4m7jbMpCTEPr794Imv19mCA.jpg,4385
Bob's Burgers,Series,Animation Comedy,"Bob's Burgers follows a third-generation restaurateur, Bob, as he runs Bob's Burgers with the help of his wife and their three kids. Bob and his quirky family have big ideas about burgers, but fall short on service and sophistication. Despite the greasy counters, lousy location and a dearth of customers, Bob and his family are determined to make Bob's Burgers ""grand re-re-re-opening"" a success.",7.847,https://image.tmdb.org/t/p/w500/iIHsQe3Qjs3NH62HdamyQEPeqTR.jpg,https://image.tmdb.org/t/p/original/2AVPwdHJsF044jT39akgLxxv2zx.jpg,32726
Dragon Ball Z,Series,Animation Sci-Fi & Fantasy Action & Adventure Anime,"Now happily married and with a son, martial arts champion Goku must defend Earth from a series of extraterrestrial invaders bent on destruction.",8.361,https://image.tmdb.org/t/p/w500/yfyToia25GnvjY7FPAGaCm3lKRc.jpg,https://image.tmdb.org/t/p/original/ydf1CeiBLfdxiyNTpskM0802TKl.jpg,12971
The 100,Series,Sci-Fi & Fantasy Action & Adventure Drama Crime,"100 years in the future, when the Earth has been abandoned due to radioactivity, the last surviving humans live on an ark orbiting the planet — but the ark won't last forever. So the repressive regime picks 100 expendable juvenile delinquents to send down to Earth to see if the planet is still habitable.",7.881,https://image.tmdb.org/t/p/w500/wcaDIAG1QdXQLRaj4vC1EFdBT2.jpg,https://image.tmdb.org/t/p/original/8ZerYKvIaNUJZvAHXYTQu4qTwFw.jpg,48866
The Handmaid's Tale,Series,Drama Sci-Fi & Fantasy Action & Adventure,"Set in a dystopian future, a woman is forced to live as a concubine under a fundamentalist theocratic dictatorship.",8.141,https://image.tmdb.org/t/p/w500/eGUT7j3n3rn5yGihlCgwUnD70HV.jpg,https://image.tmdb.org/t/p/original/atb20IUkdYcZISq3DJ769nc3h1G.jpg,69478
iPartment,Series,Drama Comedy,,6.8,https://image.tmdb.org/t/p/w500/jLMUydug1jJxAZdAuT5Y2JnjvQI.jpg,https://image.tmdb.org/t/p/original/s0IbaQ6Ielysg7gsizR5amtOEmr.jpg,68809
Agatha Christie's Poirot,Series,Crime Drama Mystery,"From England to Egypt, accompanied by his elegant and trustworthy sidekicks, the intelligent yet eccentrically-refined Belgian detective Hercule Poirot pits his wits against a collection of first class deceptions.",8.179,https://image.tmdb.org/t/p/w500/6f4IVfbn8knb7RjdZlGLuW5guDc.jpg,https://image.tmdb.org/t/p/original/rwxxDbG9Kijki7CkmB4k64MSbte.jpg,790
NOVA,Series,Documentary,"PBS' premier science series helps viewers of all ages explore the science behind the headlines. Along the way, NOVA demystifies science and technology, and highlights the people involved in scientific pursuits.",7.0,https://image.tmdb.org/t/p/w500/giUBXYnDAaJgNqA6iE3BMVE2EHp.jpg,https://image.tmdb.org/t/p/original/euEHCRdfV1ZTDgfhZm1XKHVkZ2K.jpg,3562
The Strain,Series,Sci-Fi & Fantasy Drama Mystery,"A high concept thriller that tells the story of Dr. Ephraim Goodweather, the head of the Center for Disease Control Canary Team in New York City. He and his team are called upon to investigate a mysterious viral outbreak with hallmarks of an ancient and evil strain of vampirism. As the strain spreads, Eph, his team, and an assembly of everyday New Yorkers, wage war for the fate of humanity itself.",7.465,https://image.tmdb.org/t/p/w500/2BWErT9QcADpf2G4BZ769eSnFTP.jpg,https://image.tmdb.org/t/p/original/4YnAZ1KO9goeS4c06VO7HXiO3oO.jpg,47640
Teen Titans Go!,Series,Animation Action & Adventure Comedy Family Sci-Fi & Fantasy,"Robin, Starfire, Raven, Beast Boy and Cyborg return in all-new, comedic adventures. They may be super heroes who save the world every day ... but somebody still has to do the laundry!",6.4,https://image.tmdb.org/t/p/w500/kPKAigYUlWRpnfo4Ptiwlz4FWXU.jpg,https://image.tmdb.org/t/p/original/bIHCUqaapZdRjd2kzSDiwzYyrpC.jpg,45140
Black Mirror,Series,Sci-Fi & Fantasy Drama Mystery,"Twisted tales run wild in this mind-bending anthology series that reveals humanity's worst traits, greatest innovations and more.",8.286,https://image.tmdb.org/t/p/w500/seN6rRfN0I6n8iDXjlSMk1QjNcq.jpg,https://image.tmdb.org/t/p/original/dg3OindVAGZBjlT3xYKqIAdukPL.jpg,42009
Virtues of Harmony II,Series,Comedy Family Drama,"The Virtues of Harmony II is a long-running TVB television series, which follows its first series, Virtues of Harmony, a series set in Ancient China. This new, second series of the Virtues of Harmony is set in Modern Hong Kong.",7.5,https://image.tmdb.org/t/p/w500/im3qS74ptAtmu7Tz07cN3xnW7xn.jpg,https://image.tmdb.org/t/p/original/ulfQAr9vrBp5FCldESWbz9w8x6v.jpg,4013
Curb Your Enthusiasm,Series,Comedy,"The off-kilter, unscripted comic vision of Larry David, who plays himself in a parallel universe in which he can't seem to do anything right, and, by his standards, neither can anyone else.",8.03,https://image.tmdb.org/t/p/w500/mZqWmSq1M61Jlre3furVDSXvdrN.jpg,https://image.tmdb.org/t/p/original/eNSIkGIYqXVFNmT85P4X7BsXkYI.jpg,4546
Undekhi,Series,Crime Drama,"Show depicts the two aspects of the society - the power-drunk influential people who think they can get away with anything and the oppressed, subjected to years of torture, who finally decide to bring themselves to justice",8.3,https://image.tmdb.org/t/p/w500/mzm5gUiv1oRkpLy7f3aFkDIFbbP.jpg,https://image.tmdb.org/t/p/original/8Oe8yZqR20AThApCxWvTsRwIa9d.jpg,105759
Star Trek: Voyager,Series,Sci-Fi & Fantasy Drama Action & Adventure,"Pulled to the far side of the galaxy, where the Federation is 75 years away at maximum warp speed, a Starfleet ship must cooperate with Maquis rebels to find a way home.",7.8,https://image.tmdb.org/t/p/w500/gNS5tRSG3UlXodCxznKKOKweqxh.jpg,https://image.tmdb.org/t/p/original/7YFranrnnIcCrgsLYQsoq8aE3Ir.jpg,1855
"Murder, She Wrote",Series,Mystery Crime Drama,An unassuming mystery writer turned sleuth uses her professional insight to help solve real-life homicide cases.,7.526,https://image.tmdb.org/t/p/w500/3UxBFG4fiuZ0P9n2sCrjXh64Avy.jpg,https://image.tmdb.org/t/p/original/eciikZDLyEBQanGh3zpGNuYHtQ3.jpg,484
Pokémon Horizons,Series,Animation Action & Adventure Sci-Fi & Fantasy Kids Anime,"Follow Liko and Roy as they unravel the mysteries that surround them and encounter Friede, Captain Pikachu, Amethio, and others during their exciting adventures!",8.644,https://image.tmdb.org/t/p/w500/amemXW39lMbNBJFRMJ5W7q9mLP2.jpg,https://image.tmdb.org/t/p/original/d0axpGojOqDag5lDa0eNSEtw11l.jpg,220150
Burn the House Down,Series,Drama Mystery,"After her mother took the blame for a tragic fire 13 years ago, Anzu plots revenge by working as a housekeeper under a pseudonym for her icy stepmother.",7.164,https://image.tmdb.org/t/p/w500/s4Ot7YP5GjEW8ggmjXbf79u6b2N.jpg,https://image.tmdb.org/t/p/original/g0UxlBGBBFTYgv4Gk2b3ZlZCjQa.jpg,210268
Bhooth Bangla,Movie,Horror Comedy,"A man inherits a palace in rural Mangalpur and plans his sister's wedding there, but strange supernatural events and panicked locals force him to investigate the property's mysterious past.",6.5,https://image.tmdb.org/t/p/w500/79RBp8afL4u4z3nVGR78z6eIvBB.jpg,https://image.tmdb.org/t/p/original/A2tzVTVtnTvpji96IZmleN78KKv.jpg,1239134
The Last Supper,Movie,Horror,"In a deserted house, a mysterious man savors an exquisite menu in the company of an unseen guest. From this eerie dinner table, a succession of terrifying stories is revealed-each probing primal fears of hunger, flesh, and survival.",0.0,https://image.tmdb.org/t/p/w500/6rGa9huzhmG1i2iu2Vcyv5HI02t.jpg,,1663082
Mexican Psycho,Movie,Thriller Horror,"Follows an ""ultra-violent and intelligent"" psychopath who challenges the police by leaving a white paper rabbit at each crime scene, connecting them all.",7.643,https://image.tmdb.org/t/p/w500/7tIgfsTWuzXKR2kLRUPrLRTbcuo.jpg,https://image.tmdb.org/t/p/original/82hjEm0x5Val6nCwExwlawdfwLJ.jpg,1639398
The Housemaid,Movie,Mystery Thriller,"Trying to escape her past, Millie Calloway accepts a job as a live-in housemaid for the wealthy Nina and Andrew Winchester. But what begins as a dream job quickly unravels into something far more dangerous—a sexy, seductive game of secrets, scandal, and power.",7.26,https://image.tmdb.org/t/p/w500/cWsBscZzwu5brg9YjNkGewRUvJX.jpg,https://image.tmdb.org/t/p/original/zTnAnYIn0Iv3cn0ZHlzLhou3ybm.jpg,1368166
Shelter,Movie,Action Crime Thriller,"A man living in self-imposed exile on a remote island rescues a young girl from a violent storm, setting off a chain of events that forces him out of seclusion to protect her from enemies tied to his past.",7.618,https://image.tmdb.org/t/p/w500/buPFnHZ3xQy6vZEHxbHgL1Pc6CR.jpg,https://image.tmdb.org/t/p/original/nHxWyy18SvAZ8jJeemtS8k1UNjM.jpg,1290821
Avatar Aang: The Last Airbender,Movie,Animation Action Adventure Fantasy,"Avatar Aang, the world's last Airbender, learns of an ancient power that could save his culture from extinction. With the help of his friends, he embarks on a global quest to find it before it falls into the wrong hands and threatens to upend the peace they sacrificed everything to achieve.",0.0,https://image.tmdb.org/t/p/w500/29Jdsak3SrwGds5k1t43kH6Khed.jpg,https://image.tmdb.org/t/p/original/sS3zGYFPcfM5pArVNWl6qLyaSmU.jpg,980431
Disforia,Movie,Horror Thriller,"Set in the near future against the backdrop of widespread looting and societal collapse, the couple formed by Esther and Tomás and their daughter Say move to their summer house so they can promptly sell it and then flee from their country to France, drawing attention from a ring of voyeurs of real-life torture streamed on the dark web.",5.0,https://image.tmdb.org/t/p/w500/49pzxbf1Eftz7wQZdVDVl8OM9bg.jpg,https://image.tmdb.org/t/p/original/gYumbUCWyUI6Mutgd7oILOCunk8.jpg,1252051
Night Silence,Movie,Horror Drama Mystery,"A theatre actor whose health is failing gets admitted to a nursing home. Soon, he starts having nightmares that seemingly become deceptively real. The so-called nightmares were able to make him live in two parallel dimensions.",4.7,https://image.tmdb.org/t/p/w500/gBYhjuq0ZEDN710C5sKVq45y1pA.jpg,https://image.tmdb.org/t/p/original/1Xi0FNU0uj82GfUw2vWHsVCiRv5.jpg,1281425
Zero Woman 2,Movie,Action Thriller,"When a valuable suitcase is stolen, the mob, petty criminals, and a beautiful agent from the Elite Zero division are pulled into a battle to settle the score.",5.0,https://image.tmdb.org/t/p/w500/sQHeDjwmBQba8E51Mkp5dvgkzeZ.jpg,https://image.tmdb.org/t/p/original/vP7YFt9pP8NPCg4PMBAHO5ILdrQ.jpg,44980
Michael Jackson: The Life of an Icon,Movie,Documentary Music,"See Michael Jackson, one of the most recognizable and popular entertainers of all time, like never before in the feature-length tribute Michael Jackson: The Life of an Icon. Known to millions of fans worldwide for his record-breaking albums, groundbreaking music videos, mesmerizing dance moves and humanitarian efforts, his true story has never really been told...until now. This unprecedented look into the King of Pop's fascinating life includes all-new interviews with his mother Katherine Jackson as well as siblings Tito and Rebbie Jackson,  his nephew  Jaafar Jackson and niece Tahkyah brings plenty Jackson and Friends ends and music legends such as Smokey Robinson, Dionne Warwick and  his 3 children and many more.",8.119,https://image.tmdb.org/t/p/w500/tOCYV9JCXXFtb7YehKXJBMKI4aD.jpg,https://image.tmdb.org/t/p/original/wz1eLrNxK77xAY7JYi4iYrtiMEd.jpg,78192
Ne Zha 2,Movie,Animation Action Fantasy Adventure Donghua,"After a catastrophic event leaves their bodies destroyed, Ne Zha and Ao Bing are granted a fragile second chance at life. As tensions rise between the dragon clans and celestial forces, the two must undergo a series of perilous trials that will test their bond, challenge their identities, and decide the fate of both mortals and immortals.",8.158,https://image.tmdb.org/t/p/w500/cb5NyNrqiCNNoDkA8FfxHAtypdG.jpg,https://image.tmdb.org/t/p/original/zxi6WQPVc0uQAG5TtLsKvxYHApC.jpg,980477
Krishnavataram Part 1: The Heart (Hridayam),Movie,Adventure Romance Drama,"An epic devotional narrative that reimagines the journey of Lord Krishna, tracing his path from Dwarka to Kurukshetra after parting ways with Radha. As his journey unfolds, it explores his connection with people, his layered personality, and the lessons he imparts about love and life.",8.5,https://image.tmdb.org/t/p/w500/7AxJYvPWLlNiGH52A9eenDxQzu8.jpg,https://image.tmdb.org/t/p/original/quMadsmJAFKGd6UpCFwxtlrVxPF.jpg,1673393
Predator: Badlands,Movie,Action Science Fiction Adventure,"Cast out from his clan, a young Predator finds an unlikely ally in a damaged android and embarks on a treacherous journey in search of the ultimate adversary.",7.742,https://image.tmdb.org/t/p/w500/pHpq9yNUIo6aDoCXEBzjSolywgz.jpg,https://image.tmdb.org/t/p/original/gaKFXcB5J1gz0QqYj8bWIfrPc04.jpg,1242898
Normal,Movie,Action Crime Thriller,"An unassuming substitute sheriff with a troubled past responds to a bank robbery in a small, sleepy town and unknowingly uncovers something far more explosive.",6.463,https://image.tmdb.org/t/p/w500/rsNdDcCKjCZm9RBMAxL3vMUokKU.jpg,https://image.tmdb.org/t/p/original/1YU6Hy3x7fUh7dfOzSfjifTp20g.jpg,1242332
Greenland 2: Migration,Movie,Adventure Thriller Science Fiction,"Having found the safety of the Greenland bunker after the comet Clarke decimated the Earth, the Garrity family must now risk everything to embark on a perilous journey across the wasteland of Europe to find a new home.",6.407,https://image.tmdb.org/t/p/w500/z2tqCJLsw6uEJ8nJV8BsQXGa3dr.jpg,https://image.tmdb.org/t/p/original/wns4x1GyxCudgOZRyhXKjXVJf3T.jpg,840464
Colony,Movie,Action Thriller Horror,"Professor Se-jeong is thrust into a bloody nightmare when a rapidly mutating virus is released during a biotech conference causing authorities to seal the facility. Trapped inside with no escape, Se-jeong along with a small group of survivors must fight to stay alive while the infected undergo horrific transformations.",6.6,https://image.tmdb.org/t/p/w500/tN799oUR0f1gUKDYdMNrDaY7I51.jpg,https://image.tmdb.org/t/p/original/jDvxsBemt2Iyslg7qn2WMzgxz23.jpg,1375646
Raja Shivaji,Movie,Action History Drama,"Chronicles the rise of young Shivaji Bhonsale, who challenged the might of established empires to found the Maratha kingdom and lay the groundwork for 'Swarajya' (self-rule) during a turbulent period of Indian history.",9.0,https://image.tmdb.org/t/p/w500/hljQF3Ly6PzQe7iaNs9fmFuBYWj.jpg,https://image.tmdb.org/t/p/original/w4bjx5qCKG6SjhnqLi2aj1GUsxe.jpg,1247165
War of the Worlds,Movie,Science Fiction Thriller,"Will Radford is a top analyst for Homeland Security who tracks potential threats through a mass surveillance program, until one day an attack by an unknown entity leads him to question whether the government is hiding something from him... and from the rest of the world.",4.104,https://image.tmdb.org/t/p/w500/yvirUYrva23IudARHn3mMGVxWqM.jpg,https://image.tmdb.org/t/p/original/iZLqwEwUViJdSkGVjePGhxYzbDb.jpg,755898
From Straight A's to XXX,Movie,Drama TV Movie,"When a change of circumstances leaves Miriam unable to pay her college tuition, she makes a surprising decision: to start performing in adult films, using the pseudonym Belle Knox. Miriam lies to her family and her friends at school, keeping her double life a secret. But soon rumours spread and Miriam becomes the subject of vicious online attacks and unwanted attention. Miriam fights back: she talks to the media, saying her new line of work empowers her as a feminist. But her confident stand has unintended consequences. Miriam is shunned by her conservative family and her colleagues in the adult film world. One impulsive decision has quickly spiralled out of control - and Miriam's problems are just beginning.",5.843,https://image.tmdb.org/t/p/w500/kvcdaGcres9pGDwZfPN9jOKfZh.jpg,https://image.tmdb.org/t/p/original/8gBOpyW6iTDGZJR93YuF3L7dDuI.jpg,441168
Drishyam 3,Movie,Crime Drama Thriller,"To protect his family and their dark secret, Georgekutty faces an organized new threat. As walls close in and cracks widen, how much more is he willing to sacrifice ?",6.5,https://image.tmdb.org/t/p/w500/456FlpiU1iOBnaOxSd783QhZKWw.jpg,https://image.tmdb.org/t/p/original/enwc2Acl38mvX33QffmTzDSV89D.jpg,847742
The Avengers,Movie,Science Fiction Action Adventure,"When an unexpected enemy emerges and threatens global safety and security, Nick Fury, director of the international peacekeeping agency known as S.H.I.E.L.D., finds himself in need of a team to pull the world back from the brink of disaster. Spanning the globe, a daring recruitment effort begins!",8.031,https://image.tmdb.org/t/p/w500/RYMX2wcKCBAr24UyPD7xwmjaTn.jpg,https://image.tmdb.org/t/p/original/9BBTo63ANSmhC4e6r62OJFuK2GL.jpg,24428
The Devil Wears Prada 2,Movie,Comedy Drama,"Andy Sachs returns to Runway as Miranda Priestly navigates a new media landscape and Runway's position within. The duo reconnect with former assistant Emily Charlton, now the head of a luxury brand that possesses funding which could ensure Runway's survival.",6.63,https://image.tmdb.org/t/p/w500/xTI42pmsP5EDnvsNJPEDubwWBQO.jpg,https://image.tmdb.org/t/p/original/y3fQa7pytlysovXzovpXc1OQlTW.jpg,1314481
Vengeance,Movie,Action Thriller,"The brutal murder of the wife of “Toro,” a military hero in the special forces, turns him into a man with a single purpose: revenge. After a stroke of fate makes him a millionaire, Carlos transforms his fortune into an arsenal and, together with his closest soldiers, sets out to hunt down those responsible.",7.4,https://image.tmdb.org/t/p/w500/ygWXPL0RS91JyJPNOfK34eV3bRE.jpg,https://image.tmdb.org/t/p/original/xyW8rJO3rwG2EGcTO6eaUEa8b9d.jpg,1613798
They Will Kill You,Movie,Action Comedy Horror,"A woman answers a help wanted ad to be a housekeeper in a mysterious New York City high-rise, unaware that she is entering a community that has seen a number of disappearances over the years and may be under the grip of a Satanic cult.",6.954,https://image.tmdb.org/t/p/w500/6oI4oQKTWMVUlr8Ivqydp28Ruu6.jpg,https://image.tmdb.org/t/p/original/qnTdOizsXBzYu3uIbfhHSfE29TE.jpg,1292695
Virgin,Movie,Drama Romance,"Iris, an 18-year old virgin marries Joaquin, a rich widower, because of money. However, when he learns that Iris is not really a virgin, their honeymoon turns to a bloodbath.",6.5,https://image.tmdb.org/t/p/w500/iVS3ZiPsKy8Hhc5Dipqgrjmoj2b.jpg,https://image.tmdb.org/t/p/original/7B72d6f09eIifSgkpCkzwkv8fle.jpg,1002398
Scream 7,Movie,Horror Mystery Crime,"When a new Ghostface killer emerges in the quiet town where Sidney Prescott has built a new life, her darkest fears are realized as her daughter becomes the next target. Determined to protect her family, Sidney must face the horrors of her past to put an end to the bloodshed once and for all.",6.125,https://image.tmdb.org/t/p/w500/jjyuk0edLiW8vOSnlfwWCCLpbh5.jpg,https://image.tmdb.org/t/p/original/t9J2HXaDuJR7bvIG9XF7mttn4VY.jpg,1159559
Infiltrate,Movie,Action Thriller,"In a city overrun by crime, government Agent Lily Chen is forced to choose between her duty and her family when her husband is kidnapped, and she’s blackmailed into assassinating high-level criminals to save him. As she delves deeper into the criminal underworld, Lily’s relentless pursuit of justice unravels a web of corruption, leading to a final, life-altering decision that will change her world forever.",5.1,https://image.tmdb.org/t/p/w500/8Cw8GF9wG63kF8pRRXwOx2kXGt.jpg,https://image.tmdb.org/t/p/original/cfDHxkco8RrslL0Vk2XPTwTVFCe.jpg,1472951
Apocalypto,Movie,Action Drama History,"Set in the Mayan civilization, when a man's idyllic presence is brutally disrupted by a violent invading force, he is taken on a perilous journey to a world ruled by fear and oppression where a harrowing end awaits him. Through a twist of fate and spurred by the power of his love for his woman and his family he will make a desperate break to return home and to ultimately save his way of life.",7.624,https://image.tmdb.org/t/p/w500/cRY25Q32kDNPFDkFkxAs6bgCq3L.jpg,https://image.tmdb.org/t/p/original/nnmbJvYyDS1VkMOCbxSpdBi3WbJ.jpg,1579
Monika,Movie,Romance Drama,"Monika is young, beautiful and a virgin. She is only 16 years old, and, beside getting the attention of all her classmates, she also attracts older men. She has a relationship with a boy, Leo, but she doesn't know that he uses to pimp the girls he seduces to rich businessmen. One of Leo's client befriends Monika and becomes so obsessed that he pays Leo to get her. But Monika turns her attention to her art professor, unknowing that he too has his secrets.",4.7,https://image.tmdb.org/t/p/w500/y8Byo8Mwd1a9JwISWLYR0zVxA5.jpg,https://image.tmdb.org/t/p/original/tbbyUOh6Jd45hDun3kLyZkCttkI.jpg,64641
The Mummy Returns,Movie,Adventure Action Fantasy,"Rick and Evelyn O’Connell, along with their 8-year-old son Alex, discover the key to the legendary Scorpion King’s might: the fabled Bracelet of Anubis. Unfortunately, a newly resurrected Imhotep has designs on the bracelet as well, and isn’t above kidnapping its new bearer, Alex, to gain control of Anubis’s otherworldly army.",6.404,https://image.tmdb.org/t/p/w500/kdJsW7hcy1lrj7tdMPycTAQPAiR.jpg,https://image.tmdb.org/t/p/original/7s7WkAFPBsMTprYMbqbgKoppQsR.jpg,1734
TN 2026,Movie,Comedy Drama,"Set in Pollachi, the story follows a powerful landlord, Sivalingam Mandradiyar, who becomes obsessed with a rising actor, Kukanth Kumar, believing he is the next M.G.R. He pours his wealth into shaping the actor's career and political future. But as ambition and fame grow, so does the risk of downfall. Will it lead to power or ruin?",0.0,https://image.tmdb.org/t/p/w500/mAX1ujOROXtKsOuIg5MbJbotOyD.jpg,https://image.tmdb.org/t/p/original/hlTs5C7zQ7TrH7REWOkSXzi67p7.jpg,1556783
Real Steel,Movie,Action Science Fiction Drama,"Charlie Kenton is a washed-up fighter who retired from the ring when robots took over the sport. After his robot is trashed, he reluctantly teams up with his estranged son to rebuild and train an unlikely contender.",7.087,https://image.tmdb.org/t/p/w500/4GIeI5K5YdDUkR3mNQBoScpSFEf.jpg,https://image.tmdb.org/t/p/original/pjlxrd646cBYznHoPBWTzz6FujX.jpg,39254
Backrooms,Movie,Horror Mystery Science Fiction,A strange doorway appears in the basement of a furniture showroom.,5.3,https://image.tmdb.org/t/p/w500/vpkNMkbisv5cTaIfCzUduYzXnjb.jpg,https://image.tmdb.org/t/p/original/mCpwRayjXMFzKHbjbzc5JRKfq1O.jpg,1083381
Bonolota Express,Movie,Drama Comedy Family,"On a foggy winter journey, the Bonolota Express carries strangers burdened by secrets whose lives begin to collide within the train’s confined corridors. As the night unfolds, personal and political crises erupt, exposing hidden grief, moral decay, and moments of unexpected compassion amid chaos and revolt. By dawn, the train moves on, leaving its passengers irrevocably changed by a single journey where illusions collapse and human truths emerge.",8.8,https://image.tmdb.org/t/p/w500/h6nITbbSobZ0EwU6Dcw6LGZOZYA.jpg,https://image.tmdb.org/t/p/original/wUlvM4v5FUjM2omyld9ULVHONZA.jpg,1542995
Jana Nayagan,Movie,Action Drama Science Fiction,"A clash of ideologies. One stands for the people, the other feeds on control. Their paths collided once before. Years later, a child’s silent fear ignites the past, drawing a former police officer into a battle far bigger than personal revenge.",0.0,https://image.tmdb.org/t/p/w500/jt8pfSIdi47YpFMMWVRr8w5u2S0.jpg,https://image.tmdb.org/t/p/original/v3lNH2gCojWYXVuXcT9FZLBxcSq.jpg,1235877
Over Your Dead Body,Movie,Action Comedy Thriller,"A dysfunctional couple head to a remote cabin to ""reconnect"", but each has secret intentions to kill the other.",7.1,https://image.tmdb.org/t/p/w500/5jEVBMKeLbOkp1wEKrpSItFJuul.jpg,https://image.tmdb.org/t/p/original/sb76azrAXr9U13uEQxNP5e3fujY.jpg,1390300
Send Help,Movie,Horror Thriller Comedy,"Two colleagues become stranded on a deserted island, the only survivors of a plane crash. On the island, they must overcome past grievances and work together to survive, but ultimately, it's a battle of wills and wits to make it out alive.",7.048,https://image.tmdb.org/t/p/w500/mjkS2iAgWj3ik1DTjvI15nHZ7yl.jpg,https://image.tmdb.org/t/p/original/fBh0OlTY5XSHuFrQ7ylXHniwg9s.jpg,1198994
My Fault,Movie,Drama Romance Thriller,"Noah must leave her city, boyfriend, and friends to move into William Leister's mansion, the flashy and wealthy husband of her mother Rafaela. As a proud and independent 17 year old, Noah resists living in a mansion surrounded by luxury. However, it is there where she meets Nick, her new stepbrother, and the clash of their strong personalities becomes evident from the very beginning.",7.739,https://image.tmdb.org/t/p/w500/w46Vw536HwNnEzOa7J24YH9DPRS.jpg,https://image.tmdb.org/t/p/original/oz4U9eA6ilYf1tyiVuGmkftdLac.jpg,1010581
The Unknown Man,Movie,Drama,"Louis, a Flemish writer, decides to isolate himself at the Côte d’Azur, hoping this place will bring him inspiration.",7.8,https://image.tmdb.org/t/p/w500/4TpBhdaSl5ALHbgeaYOLF8Q3haz.jpg,https://image.tmdb.org/t/p/original/7uXzE0ZBkbAeKylOz7cUQF4Yw75.jpg,879945
War Machine,Movie,Action Science Fiction Thriller,"On one last grueling mission during Army Ranger training, a combat engineer must lead his unit in a fight against a giant otherworldly killing machine.",7.334,https://image.tmdb.org/t/p/w500/ril8yx5SOmj0KjNlftsdfIp00fr.jpg,https://image.tmdb.org/t/p/original/6yeVcxFR0j08vlv2OlL6zbewm4D.jpg,1265609
Dime lo que quieres (de verdad),Movie,Romance Drama Comedy,"Diego and Emilia are a conservative couple with 16 years of marriage who have lost the spark, until Tomás and Betina rescue them and introduce them to the forbidden world, changing what they know about intimacy, relationships, and sex.",7.8,https://image.tmdb.org/t/p/w500/2ynUMfrwnEdGmkZmpiiJmTdTi4w.jpg,https://image.tmdb.org/t/p/original/6muIb4lmdF2uJmrAY4zyH11wYxW.jpg,1157008
Sundutan,Movie,Drama,"A hole on the wall accidentally connects two women emotionally and physically. Forbidden love, greed, betrayal... what lies beyond the hole? And for how long can they keep covering it up?",4.0,https://image.tmdb.org/t/p/w500/2neZgVuY7prWIak5hhNKT53Hk0N.jpg,https://image.tmdb.org/t/p/original/zYm62AouAahA71AoOWHE5Qb0FYH.jpg,1646787
The Conjuring: Last Rites,Movie,Horror,Paranormal investigators Ed and Lorraine Warren take on one last terrifying case involving mysterious entities they must confront.,6.908,https://image.tmdb.org/t/p/w500/byWgphT74ClOVa8EOGzYDkl8DVL.jpg,https://image.tmdb.org/t/p/original/i8MupUe4xgmYXoRNAQMYvuoexSU.jpg,1038392
Dracula,Movie,Horror Fantasy Romance,"In late 15th-century Eastern Europe, Prince Vlad II’s bride is brutally murdered. As a result, he renounces God and damns Heaven itself. Cursed with eternal life, Vlad is reborn as Dracula, an immortal warlord who defies fate in a blood-soaked crusade to wrench his lost love back from death.",7.115,https://image.tmdb.org/t/p/w500/dYRqA50yd0nB3qBR7AtWEJJQ8q.jpg,https://image.tmdb.org/t/p/original/be5SIsRGMckO8tU9lrLcIik70Dy.jpg,1246049
Crime 101,Movie,Crime Thriller,"When an elusive thief whose high-stakes heists unfold along the iconic 101 freeway in Los Angeles eyes the score of a lifetime, with hopes of this being his final job, his path collides with a disillusioned insurance broker who is facing her own crossroads. Determined to crack the case, a relentless detective closes in on the operation, raising the stakes even higher.",6.972,https://image.tmdb.org/t/p/w500/tVvpFIoteRHNnoZMhdnwIVwJpCA.jpg,https://image.tmdb.org/t/p/original/52AkwEfQiJl2HuTPMZ2yC5Bdr9I.jpg,1171145
Kraken,Movie,Horror Action Thriller,"A marine biologist is doing research on a fish farm when she encounters several strange occurrences. Along with the brutal deaths of two teenagers, all signs point to the deep fjord; can there be more to the depths than the eye can see?",5.8,https://image.tmdb.org/t/p/w500/xdZ8k5s8DTwWyPBMIcflrYLgcAK.jpg,https://image.tmdb.org/t/p/original/oV472EbPedkc5QzqolGc7sCgCnn.jpg,1110034
Bingo Bongo,Movie,Comedy,"The ape-man, found somewhere in the jungles of Congo, transferred to Milan and named Bingo Bongo. The only one who believes in the human qualities of him is Laura, a woman anthropologist , so their affection for each other even grows to love.",5.731,https://image.tmdb.org/t/p/w500/5ve4VuCwi7Xas5s50ynEB7uFjM2.jpg,https://image.tmdb.org/t/p/original/mFDQ8f2lPHorGwtuE0fjnUIbKLF.jpg,62029
Fifty Shades Freed,Movie,Drama Romance,"Believing they have left behind shadowy figures from their past, newlyweds Christian and Ana fully embrace an inextricable connection and shared life of luxury. But just as she steps into her role as Mrs. Grey and he relaxes into an unfamiliar stability, new threats could jeopardize their happy ending before it even begins.",6.675,https://image.tmdb.org/t/p/w500/jjPJ4s3DWZZvI4vw8Xfi4Vqa1Q8.jpg,https://image.tmdb.org/t/p/original/9ywA15OAiwjSTvg3cBs9B7kOCBF.jpg,337167
Wormtown,Movie,Science Fiction Horror Adventure,"One year into a plague of flesh-eating, mind-altering worms, the nocturnal town of Ashland, Ohio, has embraced the parasites’ rule. Under cult-like Mayor Joshua, zealous Ranchers spread their gospel—by persuasion or by force. A trio of uninfected women cling to survival through scavenging, extreme hygiene, and evasion. But everyone breaks eventually, unleashing betrayal, sacrilege, and body horror.",5.7,https://image.tmdb.org/t/p/w500/lE10ww38b7XA5LIagIsVQj9a8Hn.jpg,https://image.tmdb.org/t/p/original/wfGDy0KVZsiQpGgYoxObUGgccwk.jpg,1235192
Deool Band 2,Movie,Comedy Drama,"The story follows a farmer who decides to question and test his faith, setting off a journey filled with emotional and life-altering moments. At its core, the narrative centers on a woman who tirelessly struggles for her family, facing hardships with resilience, as her path ultimately leads her to confront the very idea of divine power",0.0,https://image.tmdb.org/t/p/w500/89n9cfc5dm0kdkABmDJalzveEwU.jpg,,1699574
Vaazha II,Movie,Comedy Drama,"Four friends – Hashir, Alan, Ajin and Vinayak – are considered losers and troublemakers by parents, family and the school management. They face immense social pressure as they reach adulthood, embarking them on an emotional journey of self discovery and acceptance, where they finally learn to take up their responsibilities and find success.",7.063,https://image.tmdb.org/t/p/w500/1yLZ7kExd0UGGbaZW4LxmYD4OIf.jpg,https://image.tmdb.org/t/p/original/uNA0OVk09Hbwflye3eBoOiGIKGc.jpg,1336770
Kaulayaw,Movie,Drama,"Two college schoolmates venture into the world of cybersex to support their needs. They fulfill their fans' sexual fantasy only to realized that they too, are falling for each other.",5.8,https://image.tmdb.org/t/p/w500/qifjfp5a2gHQ0WsGhTvlamPshnH.jpg,https://image.tmdb.org/t/p/original/aJxmgoNtP2BH7mRYvuf7AHB0VC3.jpg,1302007
Madhuvidhu,Movie,Family Comedy Drama,"Madhuvidhu offers a simple, relatable take on married life, focusing on everyday moments rather than drama. It follows Amrut Raj of the Anjilamoodu tharavadu, a household of five men, and a newlywed couple whose hopes for happiness gradually fade under daily pressures. What begins with promise turns into a test of endurance, as the couple struggles to bridge the growing emotional distance between them",7.0,https://image.tmdb.org/t/p/w500/jVSnpXklfxi3FchGqweRMvrC8Gd.jpg,https://image.tmdb.org/t/p/original/vgwmwigN5jrtYVTewRX4rLd5geg.jpg,1561144
Indian Institute of Zombies,Movie,Comedy Horror,"At an elite engineering campus, students must survive a sudden zombie outbreak while navigating academic pressures and social hierarchies, blending horror with comedy and biting satire of privilege and competition.",0.0,https://image.tmdb.org/t/p/w500/zSiNbahfCoezs5LQYNtJrvczngM.jpg,https://image.tmdb.org/t/p/original/qGk24C6fV10LkXCEpAJ4BbzViFC.jpg,1657678
Rise of the Conqueror,Movie,History Action Adventure War,"In the 14th-century, as the Silk Road crumbles and rival factions tear the land apart, fearless warrior Timur emerges from exile. Stripped of everything, he fights to unite the fractured kingdoms, using strategy and sheer will to carve an empire from chaos. Undefeated in battle and widely regarded as one of history’s greatest military leaders and tacticians, not to mention one of its most brutal, Timur would found the Timurid Empire, which ruled over modern-day Afghanistan, Iran and Central Asia.",5.923,https://image.tmdb.org/t/p/w500/9cRE0DsM6CNIiY9Ah3cd8oc3n1Y.jpg,https://image.tmdb.org/t/p/original/9gWrxuOJeArUbvnqrZALSjhPv9Y.jpg,1207162
Spider-Man: No Way Home,Movie,Action Adventure Science Fiction,"Peter Parker is unmasked and no longer able to separate his normal life from the high-stakes of being a super-hero. When he asks for help from Doctor Strange the stakes become even more dangerous, forcing him to discover what it truly means to be Spider-Man.",7.934,https://image.tmdb.org/t/p/w500/1g0dhYtq4irTY1GPXvft6k4YLjm.jpg,https://image.tmdb.org/t/p/original/zD5v1E4joAzFvmAEytt7fM3ivyT.jpg,634649
The Sleeper,Movie,Action Thriller Drama,"Ferman is a cold-blooded hitman who eliminates former agents for a secret organization. While eliminating a target during one of his missions, he encounters Saye and unexpectedly falls in love with her. Instead of killing her, he chooses to bring her into the organization. This decision marks the beginning of an irreversible path in both of their lives.",6.0,https://image.tmdb.org/t/p/w500/xvycfI4PRusKfqvzmkb8xqO0g48.jpg,https://image.tmdb.org/t/p/original/fOAIBZQOyqktxjpedHZKTDJegkt.jpg,1557848
Omukade,Movie,Horror Thriller War,"Thailand, 1941 — a handful of Japanese soldiers and their prisoners are trapped in a cursed mine. As tensions between enemies reach a breaking point, they are forced to confront a terrifying, ancient monster lurking in the shadows.",5.0,https://image.tmdb.org/t/p/w500/tSwMkZs3c2xbHN6Khxsq4ELOO1w.jpg,https://image.tmdb.org/t/p/original/i5c2Tvhn2mZWT43zdwHEliau58j.jpg,1254594
Mother Mary,Movie,Music Drama Thriller,Long-buried wounds rise to the surface when iconic pop star Mother Mary reunites with her estranged best friend and former costume designer Sam Anselm on the eve of her comeback performance.,5.891,https://image.tmdb.org/t/p/w500/qMgUI6pxkPtIuoXX4DcJ6X7bdt2.jpg,https://image.tmdb.org/t/p/original/pRrH098VPYiUtDwKOm2mVXVQZdf.jpg,1102883
Brothers Under Fire,Movie,Action Thriller Mystery Drama,"Captain Jordan Wright's squadron on leave for a wedding in Mexico encounters a murderous cartel. As Jordan tries to lead survivors to safety, war erupts between his squad and the cartel, forcing him into a battle to save his men.",6.0,https://image.tmdb.org/t/p/w500/e5EKqk9V7N3w0WvYFhl6wSVrMp0.jpg,https://image.tmdb.org/t/p/original/6D2NsU3FIQVthPgjT6RAsX58qZ6.jpg,1414413
How to Have Sex,Movie,Drama,"Three British teenage girls go on a rites-of-passage holiday—drinking, clubbing and hooking up, in what should be the best summer of their lives.",6.23,https://image.tmdb.org/t/p/w500/yQyoFCBLGJH5HXESmJAzaiXw9zU.jpg,https://image.tmdb.org/t/p/original/akvlTeB0LiNzw9U9YCAB8wwb5Qo.jpg,1075175
Addicted,Movie,Drama Thriller,A gallerist risks her family and flourishing career when she enters into an affair with a talented painter and slowly loses control of her life.,5.913,https://image.tmdb.org/t/p/w500/fAERrD6vvmznDoL99wlgjhSfPcH.jpg,https://image.tmdb.org/t/p/original/aqqoDJs8vYp2EZ74aQ1UMY0sjM7.jpg,235271
Passenger,Movie,Horror Thriller,"After a young couple witnesses a gruesome highway accident, they soon realize they did not leave the crash scene alone, as a demonic presence called the Passenger that won't stop until it claims them both turns their van life adventure into a nightmare.",6.0,https://image.tmdb.org/t/p/w500/2sOEJzhPzjTkZSlPbGxOJ7xgIyS.jpg,https://image.tmdb.org/t/p/original/hl7FEzMqgpsD0RfwMzskzQoiD1M.jpg,1368314
The Super Mario Bros. Movie,Movie,Family Comedy Adventure Fantasy Animation Anime,"While working underground to fix a water main, Brooklyn plumbers—and brothers—Mario and Luigi are transported down a mysterious pipe and wander into a magical new world. But when the brothers are separated, Mario embarks on an epic quest to find Luigi.",7.601,https://image.tmdb.org/t/p/w500/qNBAXBIQlnOThrVvA6mA2B5ggV6.jpg,https://image.tmdb.org/t/p/original/9n2tJBplPbgR2ca05hS5CKXwP2c.jpg,502356
Red Latex,Movie,Thriller,"Eric lives with his pregnant wife in his in-laws' house because they have no money to become independent. Eric is very docile and the people around him: his wife, his father, his father-in-law, and his boss have always told him what he has to do with his life. But everything has a limit. Fed of with this situation, Eric leaves his family and escapes to the mansion of the dominatrix Mistress Gise to become his slave. Eric hopes to achieve liberation by submitting to Mistress Gise. When his family finds out, they do what they can to get him back. Meanwhile, Mistress Gise is a twisted Domina who takes Eric's slavery beyond any expected limit.",5.2,https://image.tmdb.org/t/p/w500/hP1o5waM6ohMTKr4QcOtyOP1oiu.jpg,https://image.tmdb.org/t/p/original/dMX6RR0SHgI43r2CsDkF5wzozOw.jpg,758308
Michael Jackson: Searching for Neverland,Movie,Drama TV Movie,"Based on the best-selling book, Remember the Time: Protecting Michael Jackson in His Final Days, and told through the eyes of Jackson's trusted bodyguards, Bill Whitfield and Javon Beard. The movie will reveal firsthand the devotion Michael Jackson had to his children, and the hidden drama that took place during the last two years of his life.",6.561,https://image.tmdb.org/t/p/w500/mRZIiG4vJiCgJh4v2EPUVVTznC8.jpg,https://image.tmdb.org/t/p/original/ecksst0Cb1AO1CZwmGjJu11bfUo.jpg,458293
"My Teacher, My Obsession",Movie,Drama Thriller TV Movie,"Riley is struggling to make friends after transferring to a new high school where her father, Chris, is an English teacher. When she meets Kyla, they quickly becomes close friends. However, the friendship takes a strange turn when Riley learns that Kyla is obsessed with her dad. Will Kyla successfully seduce Chris and start a twisted new life with him by removing everyone in her path, or will Riley be able to save her father from Kyla’s treacherous plot before it’s too late?",4.949,https://image.tmdb.org/t/p/w500/yh06bjJTNu45xyVgpv0wXuWvkgN.jpg,https://image.tmdb.org/t/p/original/9tI2BBfTPK4pbYxaQZ16Thca9L9.jpg,530442
Dollhouse,Movie,Horror Mystery,"After losing their child, a mother finds solace in a life-sized ancient doll she finds on the market.  When a new daughter enters the family's life, strange things begin to happen and no matter how hard the family tries to get rid of it, the doll always finds its way back.",7.607,https://image.tmdb.org/t/p/w500/vUs4OPpvu4Is7wIGaXkseNJHhEA.jpg,https://image.tmdb.org/t/p/original/rV9MLgLm4i5ImuhhqdJ2fa7JMc2.jpg,1404791
Faces of Death,Movie,Horror,"A woman, employed as a website content moderator, comes across a series of violent videos reproducing death scenes from a film.",5.508,https://image.tmdb.org/t/p/w500/vPVY3S57lEooBLJCg6KGdMHkUxm.jpg,https://image.tmdb.org/t/p/original/hWuHG6e6vM7YbNVW5Z0JcfhmxQq.jpg,855435
The Mortuary Assistant,Movie,Horror Mystery,"Rebecca Owens, a recent mortuary science graduate takes a night shift job at River Fields Mortuary. Initially, the job seems straightforward — embalming bodies, completing paperwork, and keeping things tidy. But once Rebecca starts working the night shift, things take a dark turn.",5.524,https://image.tmdb.org/t/p/w500/72AoFPC5TY4DfJwXXS9rPwPeReD.jpg,https://image.tmdb.org/t/p/original/gM1kQRPwOVW1Eos5tVWqcYmHR5S.jpg,1470130
Harry Potter and the Philosopher's Stone,Movie,Adventure Fantasy,"Harry Potter has lived under the stairs at his aunt and uncle's house his whole life. But on his 11th birthday, he learns he's a powerful wizard—with a place waiting for him at the Hogwarts School of Witchcraft and Wizardry. As he learns to harness his newfound powers with the help of the school's kindly headmaster, Harry uncovers the truth about his parents' deaths—and about the villain who's to blame.",7.899,https://image.tmdb.org/t/p/w500/wuMc08IPKEatf9rnMNXvIDxqP4W.jpg,https://image.tmdb.org/t/p/original/1XAC6RPT01UX9EQGy2JVn5c8pgy.jpg,671
Pirates of the Caribbean: The Curse of the Black Pearl,Movie,Adventure Fantasy Action,"When wily pirate Captain Barbossa seizes Jack Sparrow’s beloved ship, the Black Pearl, and kidnaps the governor’s daughter, Elizabeth Swann, blacksmith Will Turner reluctantly teams up with the unpredictable pirate Jack to rescue her—only to uncover a terrifying curse that turns Barbossa’s crew into the undead.",7.823,https://image.tmdb.org/t/p/w500/kvDwL2gTf6yxujbsWbsGQB3Z9Wa.jpg,https://image.tmdb.org/t/p/original/zXMGAtDqJ58P8G3W4bwKyYffPhn.jpg,22
Deadpool & Wolverine,Movie,Action Comedy Science Fiction,"A listless Wade Wilson toils away in civilian life with his days as the morally flexible mercenary, Deadpool, behind him. But when his homeworld faces an existential threat, Wade must reluctantly suit-up again with an even more reluctant Wolverine.",7.567,https://image.tmdb.org/t/p/w500/8cdWjvZQUExUUTzyp4t6EDMubfO.jpg,https://image.tmdb.org/t/p/original/ufpeVEM64uZHPpzzeiDNIAdaeOD.jpg,533535
KPop Demon Hunters,Movie,Fantasy Music Comedy Animation,"When K-pop superstars Rumi, Mira and Zoey aren't selling out stadiums, they're using their secret powers to protect their fans from supernatural threats.",8.023,https://image.tmdb.org/t/p/w500/zT7Lhw3BhJbMkRqm9Zlx2YGMsY0.jpg,https://image.tmdb.org/t/p/original/w3Bi0wygeFQctn6AqFTwhGNXRwL.jpg,803796
Top Gun: Maverick,Movie,Action Drama,"After more than thirty years of service as one of the Navy’s top aviators, and dodging the advancement in rank that would ground him, Pete “Maverick” Mitchell finds himself training a detachment of TOP GUN graduates for a specialized mission the likes of which no living pilot has ever seen.",8.158,https://image.tmdb.org/t/p/w500/n0YuM4f5lvGAP6MAW2kBIzugXnc.jpg,https://image.tmdb.org/t/p/original/AaV1YIdWKnjAIAOe8UUKBFm327v.jpg,361743
Obsessed,Movie,Drama,"A secret, passionate affair happens in the summer of 1969 between Colonel Jin Pyeong, trapped in a loveless marriage with Soo Jin, and Jong Ga Heun, the Chinese-Korean wife of Captain Kyung Woo Jin.",6.683,https://image.tmdb.org/t/p/w500/fetCtoAvZShCk1nqAWZFuKZschR.jpg,https://image.tmdb.org/t/p/original/iGBbWXmAIgpiWg9Mx2D2gLzbg4n.jpg,269955
Kesong Puti,Movie,Drama,"Have a taste of VMX Newest Temptation Apphle Celso. Lena, a Kesong Puti vendor, meets a charming dairy supplier Manny. Their chemistry sparks a daring secret that transforms her humble cheese into their town’s obsession.",5.5,https://image.tmdb.org/t/p/w500/8zYU8hlKR5111IToxXvv5575tZG.jpg,https://image.tmdb.org/t/p/original/a2PyqyjREwjnrjdJyJtHfSQOxyf.jpg,1669051
F1,Movie,Action Drama,Racing legend Sonny Hayes is coaxed out of retirement to lead a struggling Formula 1 team—and mentor a young hotshot driver—while chasing one more chance at glory.,7.775,https://image.tmdb.org/t/p/w500/vqBmyAj0Xm9LnS1xe1MSlMAJyHq.jpg,https://image.tmdb.org/t/p/original/rZWkXnIyTLzUJpHSUpOb7vgB0BL.jpg,911430
28 Years Later: The Bone Temple,Movie,Horror Thriller Science Fiction,Dr. Kelson finds himself in a shocking new relationship - with consequences that could change the world as they know it - and Spike's encounter with Jimmy Crystal becomes a nightmare he can't escape.,7.117,https://image.tmdb.org/t/p/w500/kK1BGkG3KAvWB0WMV1DfOx9yTMZ.jpg,https://image.tmdb.org/t/p/original/hHDNOlATHhre4eZ7aYz5cdyJLik.jpg,1272837
Jurassic World Rebirth,Movie,Science Fiction Adventure Action,"Five years after the events of Jurassic World Dominion, covert operations expert Zora Bennett is contracted to lead a skilled team on a top-secret mission to secure genetic material from the world's three most massive dinosaurs. When Zora's operation intersects with a civilian family whose boating expedition was capsized, they all find themselves stranded on an island where they come face-to-face with a sinister, shocking discovery that's been hidden from the world for decades.",6.269,https://image.tmdb.org/t/p/w500/1RICxzeoNCAO5NpcRMIgg1XT6fm.jpg,https://image.tmdb.org/t/p/original/zNriRTr0kWwyaXPzdg1EIxf0BWk.jpg,1234821
Masters of the Universe,Movie,Action Fantasy Science Fiction,"After being separated for 15 years, the Sword of Power leads Prince Adam back to Eternia, where he discovers his home shattered under the fiendish rule of Skeletor. To save his family and his world, Adam must join forces with his closest allies, Teela and Duncan/Man-At-Arms, and embrace his true destiny as He-Man — the most powerful man in the universe.",10.0,https://image.tmdb.org/t/p/w500/nm2ianYVp7OXElUZVeeAbNTqBLr.jpg,https://image.tmdb.org/t/p/original/piV2OnzTZCyGBP9JCjlHIgKGlfo.jpg,454639
"""Wuthering Heights""",Movie,Romance Drama,"Tragedy strikes when Heathcliff falls in love with Catherine Earnshaw, a woman from a wealthy family in 18th-century England.",6.6,https://image.tmdb.org/t/p/w500/3YBce6dTh1D5oCMITXk2S5QhPt.jpg,https://image.tmdb.org/t/p/original/yQFR8wxYfQwP5Rpr1gk6YlnkNJY.jpg,1316092
xXx,Movie,Action Adventure Thriller Crime Drama,"Xander Cage is your standard adrenaline junkie with no fear and a lousy attitude. When the US Government ""recruits"" him to go on a mission, he's not exactly thrilled. His mission: to gather information on an organization that may just be planning the destruction of the world, led by the nihilistic Yorgi.",5.989,https://image.tmdb.org/t/p/w500/xeEw3eLeSFmJgXZzmF2Efww0q3s.jpg,https://image.tmdb.org/t/p/original/2OHa6ukEq3Hce7Pc2kvu8wkmMFY.jpg,7451
The Wrecking Crew,Movie,Action Comedy Crime Mystery,"Estranged half-brothers Jonny and James reunite after their father's mysterious death. As they search for the truth, buried secrets reveal a conspiracy threatening to tear their family apart.",6.952,https://image.tmdb.org/t/p/w500/gbVwHl4YPSq6BcC92TQpe7qUTh6.jpg,https://image.tmdb.org/t/p/original/cz4vLJrmaV1zJlRYbxqtvLzeLWB.jpg,1168190
7 Dogs,Movie,Action Comedy,Interpol agent Khalid Al-Azzazi joins forces with Ghali Abu Dawood from the 7 Dogs crime syndicate to fight drug trafficking.,0.0,https://image.tmdb.org/t/p/w500/66n5bB6iYTWsWMz0mh3Qv7qmzIJ.jpg,https://image.tmdb.org/t/p/original/7cHPvy3aF1mDMX1zqmZRt8YE7Vr.jpg,1316427
Now You See Me: Now You Don't,Movie,Crime Thriller,"The original Four Horsemen reunite with a new generation of illusionists to take on powerful diamond heiress Veronika Vanderberg, who leads a criminal empire built on money laundering and trafficking. The new and old magicians must overcome their differences to work together on their most ambitious heist yet.",6.507,https://image.tmdb.org/t/p/w500/oD3Eey4e4Z259XLm3eD3WGcoJAh.jpg,https://image.tmdb.org/t/p/original/dHSz0tSFuO2CsXJ1CApSauP9Ncl.jpg,425274
Fatal Conspiracy,Movie,Horror,"Davi Martins, a commercial director of a financial institution, and Juliana Martins, a personal trainer, are a couple trying to recover from a crisis. At work, Davi ends up getting involved in the investigation of a financial scandal, putting himself in the crosshairs of dangerous people. Little by little, Juliana discovers that her new home may not be a new beginning, but the stage for a real nightmare. Some secrets may end her life.",7.0,https://image.tmdb.org/t/p/w500/zpj3nNoc5xaUZTIdnuhwXwUcRag.jpg,https://image.tmdb.org/t/p/original/yQUTEvEb5pJi0BH3b1biQRpGvEx.jpg,967998
The Crash,Movie,Documentary Crime,"A teen slams her car into a building, killing her boyfriend and his friend. What seems like a tragic accident becomes a murder case.",6.7,https://image.tmdb.org/t/p/w500/veskdPx4YUTmkrFrTs6zRJ8VV4E.jpg,https://image.tmdb.org/t/p/original/2iqLoDsatVBwAvHTEzI71p3qBe9.jpg,1662317
Rocky Aur Rani Kii Prem Kahaani,Movie,Comedy Drama Family Romance,"Gym-freak brat Rocky falls in love with Rani, who comes from a well-educated Bengali family. Being from polar opposite worlds, the two decide to switch their families to adjust to each other's cultures and backgrounds and to know if their marriage will survive. Rocky and Rani are trapped in a world where they are united by love but divided by families and the ultimate question is will they fit in?",6.201,https://image.tmdb.org/t/p/w500/vTQIqlxUkOuyf2UKhlM2OUaFGKz.jpg,https://image.tmdb.org/t/p/original/61RYedFgX1K07xgVIvdJzukSR4g.jpg,848116
The Crucifix: Blood of the Exorcist,Movie,Horror,"A gruesome discovery in the grounds of their new home plunges a young couple into a maelstrom of spiritual possession, pagan rituals, Viking battles, and violent revenge.",5.58,https://image.tmdb.org/t/p/w500/u3qOxvlykoTpurg1G8VOcawoePI.jpg,https://image.tmdb.org/t/p/original/be5T7oHxmDG4ytEimwPdmDHZD9N.jpg,1352874
Anaconda,Movie,Adventure Comedy Horror,"A group of friends facing mid-life crises head to the rainforest with the intention of remaking their favorite movie from their youth, only to find themselves in a fight for their lives against natural disasters, giant snakes and violent criminals.",5.895,https://image.tmdb.org/t/p/w500/hBxN6dwrANN1ic3a4G9x6JZcR3C.jpg,https://image.tmdb.org/t/p/original/swxhEJsAWms6X1fDZ4HdbvYBSf9.jpg,1234731
Spider-Man: Homecoming,Movie,Action Adventure Science Fiction,"Following the events of Captain America: Civil War, Peter Parker, with the help of his mentor Tony Stark, tries to balance his life as an ordinary high school student in Queens, New York City, with fighting crime as his superhero alter ego Spider-Man as a new threat, the Vulture, emerges.",7.3,https://image.tmdb.org/t/p/w500/c24sv2weTHPsmDa7jEMN0m2P3RT.jpg,https://image.tmdb.org/t/p/original/tPpYGm2mVecue7Bk3gNVoSPA5qn.jpg,315635
JUJUTSU KAISEN: Execution,Movie,Animation Action Fantasy Anime,"A veil abruptly descends over the busy Shibuya area amid the bustling Halloween crowds, trapping countless civilians inside. Satoru Gojo, the strongest jujutsu sorcerer, steps into the chaos. But lying in wait are curse users and spirits scheming to seal him away. Yuji Itadori, accompanied by his classmates and other top-tier jujutsu sorcerers, enters the fray in an unprecedented clash of curses — the Shibuya Incident. In the aftermath, ten colonies across Japan are transformed into dens of curses in a plan orchestrated by Noritoshi Kamo. As the deadly Culling Game starts, Special Grade sorcerer Yuta Okkotsu is assigned to carry out Yuji's execution for his perceived crimes. A compilation movie of Shibuya Incident including the first two episodes of the Culling Games arc.",5.975,https://image.tmdb.org/t/p/w500/v0s3dx6am0RzfsuK3KdEy8ZoCDs.jpg,https://image.tmdb.org/t/p/original/gtKglOSEq3d4MgQE4VsrT1sRkd0.jpg,1539104
Dear You,Movie,Drama Family Comedy,"Grandma Ye Shurou from Chaoshan lived a simple life, enjoying her twilight years. Her grandson, Xiaowei, burdened by debt, secretly traveled to Thailand to find his rumored billionaire grandfather, Zheng Musheng. However, Xiaowei returned with shocking news: his grandfather was long gone, and the person with whom Grandma had exchanged love letters was a complete stranger. As Xiaowei investigated, a love affair hidden for half a century suddenly surfaced, striking Grandma's heart.",9.15,https://image.tmdb.org/t/p/w500/rjmhzdVS3Ia535pFawju857e2Na.jpg,https://image.tmdb.org/t/p/original/dzWGnIAjUafpmY57F6vnm44FwWB.jpg,1671548
Our Fault,Movie,Romance Drama,"Jenna and Lion's wedding brings about the long-awaited reunion between Noah and Nick after their breakup. Nick's inability to forgive Noah stands as an insurmountable barrier. He, heir to his grandfather's businesses, and she, starting her professional life, resist fueling a flame that's still alive. But now that their paths have crossed again, will love be stronger than resentment?",7.357,https://image.tmdb.org/t/p/w500/yzqHt4m1SeY9FbPrfZ0C2Hi9x1s.jpg,https://image.tmdb.org/t/p/original/7QirCB1o80NEFpQGlQRZerZbQEp.jpg,1156594
Train to Busan,Movie,Horror Thriller Action Adventure,"When a zombie virus pushes Korea into a state of emergency, those trapped on an express train to Busan must fight for their own survival.",7.749,https://image.tmdb.org/t/p/w500/vNVFt6dtcqnI7hqa6LFBUibuFiw.jpg,https://image.tmdb.org/t/p/original/fVpFOcQyHJM2di9upgSIwWD5wac.jpg,396535
Sniper: No Nation,Movie,Action Thriller,Brandon Beckett and Agent Zero lead a rescue mission in Costa Verde when their friends are taken hostage.,6.406,https://image.tmdb.org/t/p/w500/tUmARo0TZEK1EaSuS6dU35FhDyU.jpg,https://image.tmdb.org/t/p/original/7lizs4SuEU2ihkkAa0SZ66NtHbl.jpg,1641319
Midnight Matinee,Movie,Horror Mystery Thriller TV Movie,"Even though a devastating murder took place during a small town's horror film festival two years earlier, townspeople want another festival.",5.4,https://image.tmdb.org/t/p/w500/czam6wq46B9UCZvq85vicElckFq.jpg,https://image.tmdb.org/t/p/original/A7BiqPOKvGNalAZhFn1WfSeG9aO.jpg,137051
Shrek,Movie,Animation Comedy Fantasy Adventure Family,"It ain't easy bein' green -- especially if you're a likable (albeit smelly) ogre named Shrek. On a mission to retrieve a gorgeous princess from the clutches of a fire-breathing dragon, Shrek teams up with an unlikely compatriot -- a wisecracking donkey.",7.762,https://image.tmdb.org/t/p/w500/iB64vpL3dIObOtMZgX3RqdVdQDc.jpg,https://image.tmdb.org/t/p/original/40Wtp7kMG6mZ4d5T1jfrd8qrvD4.jpg,808
9 Songs,Movie,Drama Music Romance,"Matt, a young glaciologist, soars across the vast, silent, icebound immensities of the South Pole as he recalls his love affair with Lisa. They meet at a mobbed rock concert in a vast music hall - London's Brixton Academy. They are in bed at night's end. Together, over a period of several months, they pursue a mutual sexual passion whose inevitable stages unfold in counterpoint to nine live-concert songs.",5.546,https://image.tmdb.org/t/p/w500/91O7z0vo7MiNWd5xD2BoivwbQsb.jpg,https://image.tmdb.org/t/p/original/qU7tNIMpRqkizIObXfkJY3haTqh.jpg,27
Inside Out 2,Movie,Animation Adventure Comedy Family,"Teenager Riley's mind headquarters is undergoing a sudden demolition to make room for something entirely unexpected: new Emotions! Joy, Sadness, Anger, Fear and Disgust, who’ve long been running a successful operation by all accounts, aren’t sure how to feel when Anxiety shows up. And it looks like she’s not alone.",7.546,https://image.tmdb.org/t/p/w500/vpnVM9B6NMmQpWeZvzLvDESb2QY.jpg,https://image.tmdb.org/t/p/original/p5ozvmdgsmbWe0H8Xk7Rc8SCwAB.jpg,1022789
Lola's Secret,Movie,Drama Comedy Horror,Young man has his dreams come true when the sexy new maid seduces him. But she also has a secret that leads to trouble.,7.0,https://image.tmdb.org/t/p/w500/qaJ4iQngrLbyz9OgaQkJLppDN6m.jpg,https://image.tmdb.org/t/p/original/tId87yE7JnQsQsqOpnGXjz9PoEe.jpg,329505
Spiderbabe,Movie,Action Comedy Science Fiction,A socially awkward young woman gets bitten by a radioactive spider and becomes a crime-fighting superhero and tries to defeat a nefarious super villain while going after any man (or woman) she wants to bed down with.,4.538,https://image.tmdb.org/t/p/w500/mh7oL7A43NvNy1o5O2CouyoQTKl.jpg,https://image.tmdb.org/t/p/original/z9aMQn1ciokeMvY2gVBgtZ8gu2.jpg,30471
Toy Story 5,Movie,Animation Family Comedy Adventure,"When Bonnie receives a Lilypad tablet as a gift and becomes obsessed, Buzz, Woody, Jessie and the rest of the gang's jobs become exponentially harder when they have to go head to head with the all-new threat to playtime.",0.0,https://image.tmdb.org/t/p/w500/dWIAOC9EKFehGs3CYvDQih3hxaG.jpg,https://image.tmdb.org/t/p/original/coyHrYHD2xHhDoYD6o4uwoJ2o7b.jpg,1084244
The Gorge,Movie,Romance Science Fiction Thriller,"Two highly trained operatives grow close from a distance after being sent to guard opposite sides of a mysterious gorge. When an evil below emerges, they must work together to survive what lies within.",7.633,https://image.tmdb.org/t/p/w500/7iMBZzVZtG0oBug4TfqDb9ZxAOa.jpg,https://image.tmdb.org/t/p/original/9nhjGaFLKtddDPtPaX5EmKqsWdH.jpg,950396
Fifty Shades of Grey,Movie,Drama Romance Thriller,"When college senior Anastasia Steele steps in for her sick roommate to interview prominent businessman Christian Grey for their campus paper, little does she realize the path her life will take. Christian, as enigmatic as he is rich and powerful, finds himself strangely drawn to Ana, and she to him. Though sexually inexperienced, Ana plunges headlong into an affair -- and learns that Christian's true sexual proclivities push the boundaries of pain and pleasure.",5.87,https://image.tmdb.org/t/p/w500/63kGofUkt1Mx0SIL4XI4Z5AoSgt.jpg,https://image.tmdb.org/t/p/original/7IGKrY1f1KfwMipx9wZC4NRgIdF.jpg,216015
Spider-Man,Movie,Action Science Fiction,"After being bitten by a genetically altered spider at Oscorp, nerdy but endearing high school student Peter Parker is endowed with amazing powers to become the superhero known as Spider-Man.",7.328,https://image.tmdb.org/t/p/w500/kjdJntyBeEvqm9w97QGBdxPptzj.jpg,https://image.tmdb.org/t/p/original/zQ8AxTPiCiS5nnwXpwTBPBHSaa5.jpg,557
Balls Up,Movie,Comedy Action Adventure,"Two marketing executives go ""balls out"" and pitch a bold full‑coverage condom sponsorship with the World Cup. After their drunken celebration in Brazil sparks a global scandal, they must outrun furious fans, criminals, and power-hungry officials to salvage their careers and make it home alive.",5.841,https://image.tmdb.org/t/p/w500/xwvJ3WzdJ1OCuDoY8LAxBUlQyig.jpg,https://image.tmdb.org/t/p/original/jRsjWwZzI39bTm44FNhRtiICd9k.jpg,1084577
Your Name.,Movie,Animation Romance Drama Anime,"High schoolers Mitsuha and Taki are complete strangers living separate lives. But one night, they suddenly switch places. Mitsuha wakes up in Taki’s body, and he in hers. This bizarre occurrence continues to happen randomly, and the two must adjust their lives around each other.",8.479,https://image.tmdb.org/t/p/w500/q719jXXEzOoYaps6babgKnONONX.jpg,https://image.tmdb.org/t/p/original/8x9iKH8kWA0zdkgNdpAew7OstYe.jpg,372058
Irreversible,Movie,Drama Thriller Crime,A woman’s lover and her ex-boyfriend take justice into their own hands after she becomes the victim of a rapist. Because some acts can’t be undone. Because man is an animal. Because the desire for vengeance is a natural impulse. Because most crimes remain unpunished.,7.183,https://image.tmdb.org/t/p/w500/rxeDxo8FvZpLu6iplNpxdtAVnfu.jpg,https://image.tmdb.org/t/p/original/xV1EfNSEg6id6juJPr1vM6p9x5X.jpg,979
Protector,Movie,Action Thriller,"Nikki's life is shattered when her daughter is kidnapped. Thrust into the criminal underworld while hunted by cops and military, she must fight to rescue her child.",6.307,https://image.tmdb.org/t/p/w500/icOZpnGuH9YrEaW3wrw5GJaXGih.jpg,https://image.tmdb.org/t/p/original/vpuPY4UziUCxv7gYYoaZQ3LX7to.jpg,1383731
Iron Man 2,Movie,Adventure Action Science Fiction,"With the world now aware of his dual life as the armored superhero Iron Man, billionaire inventor Tony Stark faces pressure from the government, the press and the public to share his technology with the military. Unwilling to let go of his invention, Stark, with Pepper Potts and James 'Rhodey' Rhodes at his side, must forge new alliances – and confront powerful enemies.",6.853,https://image.tmdb.org/t/p/w500/6WBeq4fCfn7AN0o21W9qNcRF2l9.jpg,https://image.tmdb.org/t/p/original/7lmBufEG7P7Y1HClYK3gCxYrkgS.jpg,10138
Salitan,Movie,Drama Romance,A suspicious wife follows her husband in Bali. She meets a dashing man who captures her heart. She soon wants her husband to really have an affair to alleviate the guilt she is feeling.,4.714,https://image.tmdb.org/t/p/w500/rMgG7cWuq9O6zhhLs2CbqIKVA8V.jpg,https://image.tmdb.org/t/p/original/emK2hOB6ACiExT0lNLog9lAmMFL.jpg,1226293
The Drama,Movie,Romance Comedy Drama,A happily engaged couple is put to the test when an unexpected turn sends their wedding week off the rails.,6.9,https://image.tmdb.org/t/p/w500/89Dw1ujPlIPRLddhzNuJM4F401D.jpg,https://image.tmdb.org/t/p/original/rw1WmxUvmbwRsbAX12m6toIg04j.jpg,1325734
The Babysitters,Movie,Drama,"Seventeen-year-old Shirley is a good student who works as a babysitter in order to make money for college. One night Michael, a father Shirley works for, confesses he's unhappy with married life. Shirley has a crush on Michael, and seizes this moment to kiss him. Michael is so happy he presents Shirley with a big tip, which gives her an idea. Shirley plans to make extra money by setting up her teenage friends with other unhappy fathers.",6.0,https://image.tmdb.org/t/p/w500/nsrNUqGXI95unRKZEu8BJ584xWn.jpg,https://image.tmdb.org/t/p/original/hKHX04i2zQrgZJdxS9UuFsgPUd7.jpg,13078
Mission: Impossible - The Final Reckoning,Movie,Action Thriller Adventure,"Ethan Hunt and team continue their search for the terrifying AI known as the Entity — which has infiltrated intelligence networks all over the globe — with the world's governments and a mysterious ghost from Hunt's past on their trail. Joined by new allies and armed with the means to shut the Entity down for good, Hunt is in a race against time to prevent the world as we know it from changing forever.",7.161,https://image.tmdb.org/t/p/w500/z53D72EAOxGRqdr7KXXWp9dJiDe.jpg,https://image.tmdb.org/t/p/original/xPNDRM50a58uvv1il2GVZrtWjkZ.jpg,575265
The Rip,Movie,Action Thriller Crime,"Trust frays when a team of Miami cops discovers millions in cash inside a run-down stash house, calling everyone — and everything — into question.",7.068,https://image.tmdb.org/t/p/w500/eZo31Dhl5BQ6GfbMNf3oU0tUvPZ.jpg,https://image.tmdb.org/t/p/original/3F2EXWF1thX0BdrVaKvnm6mAhqh.jpg,1306368
The Adolescent,Movie,Drama,"In the summer of 1939, 13-year-old Marie goes with her parents to visit her grandparents in a small town near Avignon. Marie discovers her femininity and falls for a young Jewish doctor, but he prefers Eva, Marie's mother.",4.536,https://image.tmdb.org/t/p/w500/v7yCEzF9BCF82lbp42X5ZLjIieo.jpg,https://image.tmdb.org/t/p/original/dqmeFUrf6Hs2ejcGGGfv69vtbbR.jpg,226674
Coraline,Movie,Animation Family Fantasy,"Wandering her rambling old house in her boring new town, 11-year-old Coraline discovers a hidden door to a strangely idealized version of her life. In order to stay in the fantasy, she must make a frighteningly real sacrifice.",7.906,https://image.tmdb.org/t/p/w500/4jeFXQYytChdZYE9JYO7Un87IlW.jpg,https://image.tmdb.org/t/p/original/hofnlIyF6bePkgQOpcuRWLvzf15.jpg,14836
Superman,Movie,Science Fiction Adventure Action,"Superman, a journalist in Metropolis, embarks on a journey to reconcile his Kryptonian heritage with his human upbringing as Clark Kent.",7.343,https://image.tmdb.org/t/p/w500/ldyfo0BKmz5rWtJJKCvwaNS4cJT.jpg,https://image.tmdb.org/t/p/original/eU7IfdWq8KQy0oNd4kKXS0QUR08.jpg,1061474
The Next 365 Days,Movie,Romance Drama,Laura and Massimo's relationship hangs in the balance as they try to overcome trust issues while a tenacious Nacho works to push them apart.,6.4,https://image.tmdb.org/t/p/w500/8AWm7iMcsCI3DdGz4YEJtiMDp8Z.jpg,https://image.tmdb.org/t/p/original/6cpRpfD3isvluFwXDGSiDVyibPJ.jpg,829560
"Aida, the Movie",Movie,Comedy,"The film deals with the filming of an episode of the series with storylines that take place both within the fiction with the characters of 'Aída' and outside of it with the actors themselves and their relationships, which reflects on topics such as the limits of comedy, the work of a comedian and fame.",6.823,https://image.tmdb.org/t/p/w500/h4QnoqmMPS50U7m1XByw29CJ1ws.jpg,https://image.tmdb.org/t/p/original/5Sfl1SdrCWNHuRcPcqJP6Vcx8I8.jpg,1370123
Pretty Lethal,Movie,Music Thriller Action Horror,A troupe of ballerinas find themselves fighting for survival as they attempt to escape from a remote inn after their bus breaks down on the way to a dance competition.,6.798,https://image.tmdb.org/t/p/w500/znTPnXCK3lEQJgqXCvP7e5FUz6f.jpg,https://image.tmdb.org/t/p/original/z3bzhmC0CPikWeerUkLO73YvGrC.jpg,1084187
Love Insurance Kompany,Movie,Romance Science Fiction Comedy,"In 2040, an app premised on ensuring romance for all is used widely by the population. When the voice behind the app's AI realizes its misconception to true love, he embarks on a quest to prove that love does not come from a screen.",4.857,https://image.tmdb.org/t/p/w500/1IIUWMKzNVvI6YJX8BKE6EJ9bVd.jpg,https://image.tmdb.org/t/p/original/woos7rldBAKG99HmcbNZNpMjwNk.jpg,1209511
¿Quieres ser mi novia?,Movie,Comedy Romance,"Javi and Lu's relationship faces dangerous territory as old and new temptations emerge: a young woman reigniting Javi's chemistry and a mature man pursuing Lu. Through humor, entanglements, and surprises, their love is tested.",8.61,https://image.tmdb.org/t/p/w500/oscW8xV8EhRYj7iAhyVlBohKqxo.jpg,https://image.tmdb.org/t/p/original/1ZruuRXztqC3QQybbgbVxVrdNjv.jpg,1601797
Room in Rome,Movie,Drama Romance,"A hotel room in the center of Rome serves as the setting for Alba and Natasha, two sexy and recently acquainted women, to have a physical adventure that touches their very souls.",6.406,https://image.tmdb.org/t/p/w500/w90ItYf9qagQKVEBr1uFxPomAtf.jpg,https://image.tmdb.org/t/p/original/30TgnSvXiL7NQoQ5WWwHqw0FRhA.jpg,48650
The Godfather Part II,Movie,Drama Crime,"In the continuing saga of the Corleone crime family, a young Vito Corleone grows up in Sicily and in 1910s New York. In the 1950s, Michael Corleone attempts to expand the family business into Las Vegas, Hollywood and Cuba.",8.571,https://image.tmdb.org/t/p/w500/hek3koDUyRQk7FIhPXsa6mT2Zc3.jpg,https://image.tmdb.org/t/p/original/kGzFbGhp99zva6oZODW5atUtnqi.jpg,240
In the Grey,Movie,Action Thriller,"A covert team of elite operatives are living in the shadows. When a ruthless despot steals a billion-dollar fortune, they're sent to take it back—an impossible heist that erupts into a deadly game of strategy, deception and survival.",6.331,https://image.tmdb.org/t/p/w500/dQgIcW6Th08kMRf2HBoYWoFE6OD.jpg,https://image.tmdb.org/t/p/original/oBft4BZeoDQzTT9ZGijClr76qvK.jpg,1122573
Harry Potter and the Chamber of Secrets,Movie,Adventure Fantasy,"Cars fly, trees fight back, and a mysterious house-elf comes to warn Harry Potter at the start of his second year at Hogwarts. Adventure and danger await when bloody writing on a wall announces: The Chamber Of Secrets Has Been Opened. To save Hogwarts will require all of Harry, Ron and Hermione's magical abilities and courage.",7.704,https://image.tmdb.org/t/p/w500/sdEOH0992YZ0QSxgXNIGLq1ToUi.jpg,https://image.tmdb.org/t/p/original/1stUIsjawROZxjiCMtqqXqgfZWC.jpg,672
The Wild Robot,Movie,Family Animation Science Fiction Adventure,"After a shipwreck, an intelligent robot called Roz is stranded on an uninhabited island. To survive the harsh environment, Roz bonds with the island's animals and cares for an orphaned baby goose.",8.31,https://image.tmdb.org/t/p/w500/eG9lz41mJqsI4J6ubMtVqD26q2J.jpg,https://image.tmdb.org/t/p/original/mQZJoIhTEkNhCYAqcHrQqhENLdu.jpg,1184918
Sinners,Movie,Horror Action Thriller,"Trying to leave their troubled lives behind, twin brothers return to their hometown to start again, only to discover that an even greater evil is waiting to welcome them back.",7.489,https://image.tmdb.org/t/p/w500/fWPgbnt2LSqkQ6cdQc0SZN9CpLm.jpg,https://image.tmdb.org/t/p/original/nAxGnGHOsfzufThz20zgmRwKur3.jpg,1233413
The Furious,Movie,Action Crime Thriller,"After Wang Wei's daughter is kidnapped by a criminal network and he receives no help from the corrupt police, Wei sets out to find her himself. His only ally is Navin, a relentless journalist whose wife has mysteriously disappeared. Fueled by a furious vengeance, the unlikely duo ruthlessly battle the kidnappers in this explosive martial arts showdown.",0.0,https://image.tmdb.org/t/p/w500/zP19YO60jwEsfKd5Qf1UvA5uJu8.jpg,https://image.tmdb.org/t/p/original/79GYNlnCK7kfQPAyQI13NLatK07.jpg,1280738
Moana 2,Movie,Adventure Animation Comedy Family Fantasy,"After receiving an unexpected call from her wayfinding ancestors, Moana journeys alongside Maui and a new crew to the far seas of Oceania and into dangerous, long-lost waters for an adventure unlike anything she's ever faced.",6.999,https://image.tmdb.org/t/p/w500/aLVkiINlIeCkcZIzb7XHzPYgO6L.jpg,https://image.tmdb.org/t/p/original/zo8CIjJ2nfNOevqNajwMRO6Hwka.jpg,1241982
Medium,Series,Crime Drama Mystery Sci-Fi & Fantasy,Allison Dubois works in the District Attorney’s office using her natural intuition about people and her ability to communicate with the dead to help to solve crimes. Her dreams often give her clues to the whereabouts of missing people.,7.457,https://image.tmdb.org/t/p/w500/6tOxspW2MbbAQ0s3jtfs8QATcx.jpg,https://image.tmdb.org/t/p/original/dVpAGo3TT2IjDyRuKwhNfe9E1A5.jpg,36
The Office,Series,Comedy,"The everyday lives of office employees in the Scranton, Pennsylvania branch of the fictional Dunder Mifflin Paper Company.",8.587,https://image.tmdb.org/t/p/w500/7DJKHzAi83BmQrWLrYYOqcoKfhR.jpg,https://image.tmdb.org/t/p/original/mLyW3UTgi2lsMdtueYODcfAB9Ku.jpg,2316
Suits,Series,Drama,"While running from a drug deal gone bad, Mike Ross, a brilliant young college-dropout, slips into a job interview with one of New York City's best legal closers, Harvey Specter. Tired of cookie-cutter law school grads, Harvey takes a gamble by hiring Mike on the spot after he recognizes his raw talent and photographic memory.",8.216,https://image.tmdb.org/t/p/w500/fO0nFvGcbTHpwZGLkr98xuZ5hFs.jpg,https://image.tmdb.org/t/p/original/cwKuMNndfjSl8iQIcAISL0C1tDZ.jpg,37680
Chicago Fire,Series,Drama,"An edge-of-your-seat view into the lives of everyday heroes committed to one of America's noblest professions. For the firefighters, rescue squad and paramedics of Chicago Firehouse 51, no occupation is more stressful or dangerous, yet so rewarding and exhilarating. These courageous men and women are among the elite who forge headfirst into danger when everyone else is running the other way and whose actions make the difference between life and death.",8.399,https://image.tmdb.org/t/p/w500/r915sk2JpthZSjHEgZKifWxgo6L.jpg,https://image.tmdb.org/t/p/original/14LzHqJrFcHk7ruMNCXpEkB0Thg.jpg,44006
Friends,Series,Comedy,"Six young people from New York City, on their own and struggling to survive in the real world, find the companionship, comfort and support they get from each other to be the perfect antidote to the pressures of life.",8.4,https://image.tmdb.org/t/p/w500/2koX1xLkpTQM4IZebYvKysFW1Nh.jpg,https://image.tmdb.org/t/p/original/m3Jev59mJLyUp5bXhY5SVfIBZI0.jpg,1668
Outlander,Series,Drama Sci-Fi & Fantasy,"The story of Claire Randall, a married combat nurse from 1945 who is mysteriously swept back in time to 1743, where she is immediately thrown into an unknown world where her life is threatened. When she is forced to marry Jamie, a chivalrous and romantic young Scottish warrior, a passionate affair is ignited that tears Claire's heart between two vastly different men in two irreconcilable lives.",8.188,https://image.tmdb.org/t/p/w500/oftZNfyTVNU7IfOqoGLoT8MGvNs.jpg,https://image.tmdb.org/t/p/original/nf3Vlxm3C9U1aKUUQHmKFZmxPSc.jpg,56570
Marshals,Series,Drama Crime Action & Adventure,"With the Yellowstone Ranch behind him, Kayce Dutton joins an elite unit of U.S. Marshals, combining his skills as a cowboy and Navy SEAL to bring range justice to Montana, where he and his teammates must balance family, duty and the high psychological cost that comes with serving as the last line of defense in the region's war on violence.",7.896,https://image.tmdb.org/t/p/w500/nInfaveN1iFpRIcMGNKENoVVUT2.jpg,https://image.tmdb.org/t/p/original/ihT4s15wPjqXLblKlE6cwBhJVz4.jpg,290856
Natural High,Series,Reality Comedy,Come and join Shen Teng and his friends as they step away from the bustling crowded cities and reconnect with the beautiful wild nature.,7.2,https://image.tmdb.org/t/p/w500/mmvlxQ5AXuHLfKvyqkgCDZfVzxM.jpg,https://image.tmdb.org/t/p/original/520WV4P5zcJulXNDMWARYIOIOZq.jpg,231620
The Flash,Series,Drama Sci-Fi & Fantasy,"After being struck by lightning, CSI investigator Barry Allen awakens from a nine-month coma to discover he has been  granted the gift of super speed.  Teaming up with S.T.A.R. Labs, Barry takes on the persona of The Flash, the Fastest  Man Alive, to protect his city.",7.759,https://image.tmdb.org/t/p/w500/yZevl2vHQgmosfwUdVNzviIfaWS.jpg,https://image.tmdb.org/t/p/original/gFkHcIh7iE5G0oVOgpmY8ONQjhl.jpg,60735
Who's the Murderer,Series,Crime Mystery Reality,"The cast is introduced to the settings and suspects of a murder case for the new episode. The cast then chooses their role in the episode, as a particular suspect or the detective.",8.4,https://image.tmdb.org/t/p/w500/dmWr4vJgvGMH8m60fuTh0wzYGde.jpg,https://image.tmdb.org/t/p/original/cakRVxJh1MI8Sj3aJ1f75uvUSze.jpg,74561
Peaky Blinders,Series,Drama Crime,"A gangster family epic set in 1919 Birmingham, England and centered on a gang who sew razor blades in the peaks of their caps, and their fierce boss Tommy Shelby, who means to move up in the world.",8.525,https://image.tmdb.org/t/p/w500/vUUqzWa2LnHIVqkaKVlVGkVcZIW.jpg,https://image.tmdb.org/t/p/original/wiE9doxiLwq3WCGamDIOb2PqBqc.jpg,60574
Modern Family,Series,Comedy,"The Pritchett-Dunphy-Tucker clan is a wonderfully large and blended family. They give us an honest and often hilarious look into the sometimes warm, sometimes twisted, embrace of the modern family.",7.91,https://image.tmdb.org/t/p/w500/k5Qg5rgPoKdh3yTJJrLtyoyYGwC.jpg,https://image.tmdb.org/t/p/original/nO7EzksrBzlNpAg5rgv8HzaBIkx.jpg,1421
The Walking Dead,Series,Action & Adventure Drama Sci-Fi & Fantasy,Sheriff's deputy Rick Grimes awakens from a coma to find a post-apocalyptic world dominated by flesh-eating zombies. He sets out to find his family and encounters many other survivors along the way.,8.083,https://image.tmdb.org/t/p/w500/ng3cMtxYKt1OSQYqFlnKWnVsqNO.jpg,https://image.tmdb.org/t/p/original/rAOjnEFTuNysY7bot8zonhImGMh.jpg,1402
Hunter x Hunter,Series,Sci-Fi & Fantasy Action & Adventure Animation Comedy Drama Anime,"Gon Freecss discovers that the father he had always been told was dead was actually alive the whole time. Ging is a famous Hunter: an individual who has proven themself an elite member of humanity. Gon becomes determined to follow in his father's footsteps, pass the rigorous Hunter Examination.",8.462,https://image.tmdb.org/t/p/w500/tddoUoSGKrVNV4LEMVmkd8y96XD.jpg,https://image.tmdb.org/t/p/original/575sxZXNNulSlIz7DvtWH5r4lkC.jpg,45952
CSI: Miami,Series,Drama Mystery Crime,"The show follows Crime Scene Investigators working for the Miami-Dade Police Department as they use physical evidence, similar to their Las Vegas counterparts, to solve grisly murders. The series mixes deduction, gritty subject matter, and character-driven drama in the same vein as the original series in the CSI franchise, except that the Miami CSIs are cops first, scientists second.",7.704,https://image.tmdb.org/t/p/w500/pNW64pjaHvf6purNaFhq4SHYRfl.jpg,https://image.tmdb.org/t/p/original/bhG1XJ1fubbZkLnoBAxNrzzGXOg.jpg,1620
The Good Doctor,Series,Drama,"Shaun Murphy, a young surgeon with autism and savant syndrome, relocates from a quiet country life to join a prestigious hospital's surgical unit. Unable to personally connect with those around him, Shaun uses his extraordinary medical gifts to save lives and challenge the skepticism of his colleagues.",8.458,https://image.tmdb.org/t/p/w500/luhKkdD80qe62fwop6sdrXK9jUT.jpg,https://image.tmdb.org/t/p/original/f3cin9kOz4nOrlYEMxGFQhv4bdN.jpg,71712
Watch What Happens Live with Andy Cohen,Series,Talk Comedy,Bravo network executive Andy Cohen discusses pop culture topics with celebrities and reality show personalities.,5.0,https://image.tmdb.org/t/p/w500/onSD9UXfJwrMXWhq7UY7hGF2S1h.jpg,https://image.tmdb.org/t/p/original/hINekSpbcBxjnjGqmIm6I4bz2ab.jpg,22980
Dexter,Series,Crime Drama Mystery,"Dexter Morgan, a blood spatter pattern analyst for the Miami Metro Police also leads a secret life as a serial killer, hunting down criminals who have slipped through the cracks of justice.",8.233,https://image.tmdb.org/t/p/w500/q8dWfc4JwQuv3HayIZeO84jAXED.jpg,https://image.tmdb.org/t/p/original/aSGSxGMTP893DPMCvMl9AdnEICE.jpg,1405
Vikings,Series,Action & Adventure Drama War & Politics,"The adventures of Ragnar Lothbrok, the greatest hero of his age. The series tells the sagas of Ragnar's band of Viking brothers and his family, as he rises to become King of the Viking tribes. As well as being a fearless warrior, Ragnar embodies the Norse traditions of devotion to the gods. Legend has it that he was a direct descendant of Odin, the god of war and warriors.",8.094,https://image.tmdb.org/t/p/w500/bQLrHIRNEkE3PdIWQrZHynQZazu.jpg,https://image.tmdb.org/t/p/original/13kblIK8DnxMurcRDkeyy2sGR7v.jpg,44217
Castle,Series,Drama Crime,"After a serial killer imitates the plots of his novels, successful mystery novelist Richard ""Rick"" Castle receives permission from the Mayor of New York City to tag along with an NYPD homicide investigation team for research purposes.",7.973,https://image.tmdb.org/t/p/w500/diXBeMzvfJb2iJg3G0kCUaMCzEc.jpg,https://image.tmdb.org/t/p/original/gfFpdIWSzx3DIevoUoJIX2aKmUD.jpg,1419
Late Night with Seth Meyers,Series,Talk Comedy,"Seth Meyers, who is ""Saturday Night Live's"" longest serving anchor on the show's wildly popular ""Weekend Update,"" takes over as host of NBC's ""Late Night"" — home to A-list celebrity guests, memorable comedy and the best in musical talent. As the Emmy Award-winning head writer for ""SNL,"" Meyers has established a reputation for sharp wit and perfectly timed comedy, and has gained fame for his spot-on jokes and satire. Meyers takes his departure from ""SNL"" to his new post at ""Late Night,"" as Jimmy Fallon moves to ""The Tonight Show"".",5.2,https://image.tmdb.org/t/p/w500/u8VruEGv7mtyJihVn2CSA1u90pk.jpg,https://image.tmdb.org/t/p/original/dfX2UaHVE5c7kLBFbgmEZJuy4Ev.jpg,61818
Chicago P.D.,Series,Crime Drama,"A riveting police drama about the men and women of the Chicago Police Department's District 21 who put it all on the line to serve and protect their community. District 21 is made up of two distinctly different groups: the uniformed cops who patrol the beat and go head-to-head with the city's street crimes and the Intelligence Unit that combats the city's major offenses - organized crime, drug trafficking, high profile murders and beyond.",8.42,https://image.tmdb.org/t/p/w500/bez40PgT36RUu4gstD2A6GSM0tP.jpg,https://image.tmdb.org/t/p/original/rhp8vYG1sIFtqH3ETmHJuI5Z3Cb.jpg,58841
Doctor Who,Series,Action & Adventure Drama Sci-Fi & Fantasy,"The Doctor is a Time Lord: a 900 year old alien with 2 hearts, part of a gifted civilization who mastered time travel. The Doctor saves planets for a living—more of a hobby actually, and the Doctor's very, very good at it.",7.602,https://image.tmdb.org/t/p/w500/m6G92osOtSeXwjSfL21jZCUOvxe.jpg,https://image.tmdb.org/t/p/original/tPwpc9Uo1Fly50urDxfGWWk7H77.jpg,57243
Doraemon,Series,Action & Adventure Animation Comedy Sci-Fi & Fantasy Kids Family Anime,"Robotic cat Doraemon is sent back in time from the 22nd century to protect 10-year-old Noby, a lazy and uncoordinated boy who is destined to have a tragic future. Doraemon can create secret gadgets from a pocket on his stomach, but they usually cause more bad than good because of Noby's propensity to misuse them.",8.037,https://image.tmdb.org/t/p/w500/9ZN1P32SHviL3SV51qLivxycvcx.jpg,https://image.tmdb.org/t/p/original/c2oiRa7V3bQzof4wVGzLXtWJ5QU.jpg,65733
Two and a Half Men,Series,Comedy,A hedonistic jingle writer's free-wheeling life comes to an abrupt halt when his brother and 10-year-old nephew move into his beach-front house.,7.454,https://image.tmdb.org/t/p/w500/xgfjxyV3g1S68opzuvG6G87muDp.jpg,https://image.tmdb.org/t/p/original/2pOmuq4nkWZzwZbOfZq7CyyQAsM.jpg,2691
Prison Break,Series,Action & Adventure Crime Drama,"Due to a political conspiracy, an innocent man is sent to death row and his only hope is his brother, who makes it his mission to deliberately get himself sent to the same prison in order to break the both of them out, from the inside out.",8.071,https://image.tmdb.org/t/p/w500/wnmNPaLvhnMeOqnWlhNkYCZxtda.jpg,https://image.tmdb.org/t/p/original/n3Brk7roueE9HOwVmYlJx5j462g.jpg,2288
The Late Show with Stephen Colbert,Series,Comedy Talk,"Stephen Colbert brings his signature satire and comedy to The Late Show with Stephen Colbert, the #1 show in late night, where he talks with an eclectic mix of guests about what is new and relevant in the worlds of politics, entertainment, business, music, technology, and more. Featuring bandleader Jon Batiste with his band Stay Human, the Emmy Award-nominated show is broadcast from the historic Ed Sullivan Theater.",6.1,https://image.tmdb.org/t/p/w500/9jkThAGYj2yp8jsS6Nriy5mzKFT.jpg,https://image.tmdb.org/t/p/original/gMMnf8VRg3Z98WaFmOLr9Jk8pIs.jpg,63770
24,Series,Action & Adventure Drama Crime,"Counterterrorism agent Jack Bauer fights the bad guys of the world, a day at a time. With each week's episode unfolding in real-time, ""24"" covers a single day in the life of Bauer each season.",7.783,https://image.tmdb.org/t/p/w500/iq6yrZ5LEDXf1ArCOYLq8PIUBpV.jpg,https://image.tmdb.org/t/p/original/be6mDIMv7cg8duWkcYVnTB8rphO.jpg,1973
Lois & Clark: The New Adventures of Superman,Series,Action & Adventure Drama Sci-Fi & Fantasy Comedy,"A much more lavish version of the popular Superman television series which had first aired forty years earlier, Lois & Clark focused more on the Man of Steel's early adult years in Metropolis. With the unknowing help of Lois Lane, Clark Kent created Superman there in Metropolis after finding work at the world-famous Daily Planet newspaper, where he meets fellow reporter Lois Lane.",6.953,https://image.tmdb.org/t/p/w500/1LbPs6i1h4BKjVUwK5S9GjPCydi.jpg,https://image.tmdb.org/t/p/original/2gzPDDhpP86MACQOu5aQg9DKyUc.jpg,4515
FBI,Series,Crime Action & Adventure Drama,"The New York office of the FBI brings to bear all their talents, intellect and technical expertise on major cases in order to keep their city and the country safe.",7.9,https://image.tmdb.org/t/p/w500/zfKS4WL0OZ9udpNoSYZw91VB3aH.jpg,https://image.tmdb.org/t/p/original/5DFvscYGpcFaQMJljCic5gbzVe6.jpg,80748
Arrow,Series,Crime Drama Action & Adventure,"Spoiled billionaire playboy Oliver Queen is missing and presumed dead when his yacht is lost at sea. He returns five years later a changed man, determined to clean up the city as a hooded vigilante armed with a bow.",6.835,https://image.tmdb.org/t/p/w500/u8ZHFj1jC384JEkTt3vNg1DfWEb.jpg,https://image.tmdb.org/t/p/original/wAFuDJfZJrnh6a1wf1Vt7PqYBvR.jpg,1412
Keep Running,Series,Comedy Reality,"Hurry Up, Brother! is a Chinese variety show based off the original Korean variety show, Running Man. It is created by SBS and co-produced with Zhejiang Television. It first aired on October 10, 2014. This show is classified as a game-variety show, where the MCs and guests complete missions in a landmark to win a race. In 2017, the show officially changed its name to ""Keep Running"".",5.7,https://image.tmdb.org/t/p/w500/lr4er9w2jHqFx8VFyASN8Q1LWzB.jpg,https://image.tmdb.org/t/p/original/pXss1GWhPOcf6SrmRJ4JSkIU3sE.jpg,98031
Better Call Saul,Series,Crime Drama,"Six years before Saul Goodman meets Walter White. We meet him when the man who will become Saul Goodman is known as Jimmy McGill, a small-time lawyer searching for his destiny, and, more immediately, hustling to make ends meet. Working alongside, and, often, against Jimmy, is “fixer” Mike Ehrmantraut. The series tracks Jimmy’s transformation into Saul Goodman, the man who puts “criminal” in “criminal lawyer"".",8.705,https://image.tmdb.org/t/p/w500/zjg4jpK1Wp2kiRvtt5ND0kznako.jpg,https://image.tmdb.org/t/p/original/og2jKploGHYnCz68vV1nRSEE0xV.jpg,60059
Stargate SG-1,Series,Sci-Fi & Fantasy Action & Adventure,"The story of Stargate SG-1 begins about a year after the events of the feature film, when the United States government learns that an ancient alien device called the Stargate can access a network of such devices on a multitude of planets. SG-1 is an elite Air Force special operations team, one of more than two dozen teams from Earth who explore the galaxy and defend against alien threats such as the Goa'uld, Replicators, and the Ori.",8.274,https://image.tmdb.org/t/p/w500/dQjmI7XxI47v8IM2MUysHG0LuU2.jpg,https://image.tmdb.org/t/p/original/yOyzlRw54oYaGvhUBdPr7TFwtrX.jpg,4629
Columbo,Series,Crime Drama Mystery,"Columbo is a friendly, verbose, disheveled-looking police detective who is consistently underestimated by his suspects. Despite his unprepossessing appearance and apparent absentmindedness, he shrewdly solves all of his cases and secures all evidence needed for indictment. His formidable eye for detail and meticulously dedicated approach often become clear to the killer only late in the storyline.",8.078,https://image.tmdb.org/t/p/w500/2JCD8vab3fircOU8cM2HJCxfv4I.jpg,https://image.tmdb.org/t/p/original/8xr2imLUMyvIybraMOq4umBl6nz.jpg,873
The Vampire Diaries,Series,Drama Sci-Fi & Fantasy,"The story of two vampire brothers obsessed with the same girl, who bears a striking resemblance to the beautiful but ruthless vampire they knew and loved in 1864.",8.303,https://image.tmdb.org/t/p/w500/b3vl6wV1W8PBezFfntKTrhrehCY.jpg,https://image.tmdb.org/t/p/original/cJYLon9ejKJV7ua03ab8Tj9u067.jpg,18165
The Sopranos,Series,Crime Drama,"The story of New Jersey-based Italian-American mobster Tony Soprano and the difficulties he faces as he tries to balance the conflicting requirements of his home life and the criminal organization he heads. Those difficulties are often highlighted through his ongoing professional relationship with psychiatrist Jennifer Melfi. The show features Tony's family members and Mafia associates in prominent roles and story arcs, most notably his wife Carmela and his cousin and protégé Christopher Moltisanti.",8.666,https://image.tmdb.org/t/p/w500/rTc7ZXdroqjkKivFPvCPX0Ru7uw.jpg,https://image.tmdb.org/t/p/original/lNpkvX2s8LGB0mjGODMT4o6Up7j.jpg,1398
Hawaii Five-0,Series,Crime Drama Action & Adventure,"Steve McGarrett returns home to Oahu, in order to find his father's killer. The governor offers him the chance to run his own task force (Five-0). Steve's team is joined by Chin Ho Kelly, Danny ""Danno"" Williams, and Kono Kalakaua.",7.739,https://image.tmdb.org/t/p/w500/sIdCKlmM2nU4akIvFQaAIiU8YES.jpg,https://image.tmdb.org/t/p/original/tLccUh3uazZ9TkLhe53UwprJhI4.jpg,32798
Desperate Housewives,Series,Mystery Drama Comedy,"Looking down on her friends and family isn't a way of life for Mary Alice Young... it's a way of death. One day, in her perfect house, in the loveliest of suburbs, Mary Alice ended it all. Now she's taking us into the lives of her family, friends and neighbors, commenting from her elevated P.O.V.",7.899,https://image.tmdb.org/t/p/w500/sywYmV9c9Vj2U7ocqNyfDt2pz3r.jpg,https://image.tmdb.org/t/p/original/hW9NOFs8xUevb90KQYHhbifp9Po.jpg,693
HaHaHaHaHa,Series,Reality,Road-type outdoor reality show. The five-kazakhstan tour group takes time out of the busy and trivial daily life to embark on a journey from east to west across China.,7.0,https://image.tmdb.org/t/p/w500/wynP4QFfZNYHW0ETAbKVY9UjSbF.jpg,https://image.tmdb.org/t/p/original/sih377ne4tNY0MLSvNuHBfxeVKg.jpg,112732
Lost,Series,Mystery Action & Adventure Drama,"Stripped of everything, the survivors of a horrific plane crash must work together to stay alive. But the island holds many secrets.",7.956,https://image.tmdb.org/t/p/w500/og6S0aTZU6YUJAbqxeKjCa3kY1E.jpg,https://image.tmdb.org/t/p/original/yUOFocKDW7MCC5isx4FK8A68QFp.jpg,4607
The Mandalorian,Series,Sci-Fi & Fantasy Action & Adventure,"After the fall of the Galactic Empire, lawlessness has spread throughout the galaxy. A lone gunfighter makes his way through the outer reaches, earning his keep as a bounty hunter.",8.407,https://image.tmdb.org/t/p/w500/sWgBv7LV2PRoQgkxwlibdGXKz1S.jpg,https://image.tmdb.org/t/p/original/9zcbqSxdsRMZWHYtyCd1nXPr2xq.jpg,82856
Person of Interest,Series,Drama Action & Adventure Crime Sci-Fi & Fantasy,"John Reese, former CIA paramilitary operative, is presumed dead and teams up with reclusive billionaire Finch to prevent violent crimes in New York City by initiating their own type of justice. With the special training that Reese has had in Covert Operations and Finch's genius software inventing mind, the two are a perfect match for the job that they have to complete. With the help of surveillance equipment, they work ""outside the law"" and get the right criminal behind bars. ",8.095,https://image.tmdb.org/t/p/w500/f8aIvYk5h7Z8EP3dinCmVgQFYow.jpg,https://image.tmdb.org/t/p/original/1UkDX6CK8hJ0oUtUycDTp5Vh9wO.jpg,1411
Blue Bloods,Series,Crime Drama,"A drama about a multi-generational family of cops dedicated to New York City law enforcement. Frank Reagan is the New York Police Commissioner and heads both the police force and the Reagan brood. He runs his department as diplomatically as he runs his family, even when dealing with the politics that plagued his unapologetically bold father, Henry, during his stint as Chief.",7.8,https://image.tmdb.org/t/p/w500/q1WlrxnCvNhBjJ4N7V0JQXjnIBN.jpg,https://image.tmdb.org/t/p/original/goDtZCB5pFIuuSfYDvApe6iXTID.jpg,32692
Bleach,Series,Action & Adventure Animation Sci-Fi & Fantasy Anime,"For as long as he can remember, Ichigo Kurosaki has been able to see ghosts. But when he meets Rukia, a Soul Reaper who battles evil spirits known as Hollows, he finds his life is changed forever. Now, with a newfound wealth of spiritual energy, Ichigo discovers his true calling: to protect the living and the dead from evil.",8.4,https://image.tmdb.org/t/p/w500/5iVUUnE2tgBPypACYNobCKHagfV.jpg,https://image.tmdb.org/t/p/original/o0NsbcIvsllg6CJX0FBFY8wWbsn.jpg,30984
Tom Clancy's Jack Ryan,Series,Action & Adventure Drama,"When CIA analyst Jack Ryan stumbles upon a suspicious series of bank transfers his search for answers pulls him from the safety of his desk job and catapults him into a deadly game of cat and mouse throughout Europe and the Middle East, with a rising terrorist figurehead preparing for a massive attack against the US and her allies.",7.7,https://image.tmdb.org/t/p/w500/cO4py3L3q5GNPrA0qr1wVDrosK1.jpg,https://image.tmdb.org/t/p/original/2y2TbzeKZHYqTN5gb4nBv9dKk1f.jpg,73375
Inspector Avinash,Series,Action & Adventure Mystery,"Set in 1998 UP, this is the story of a dynamic cop leading a Special Task Force which becomes instrumental in eliminating a dreaded weapons cartel.",5.0,https://image.tmdb.org/t/p/w500/cyX4lDfLOtejavCY5PbtRlk4C63.jpg,https://image.tmdb.org/t/p/original/5X8rPeV0VhcPND4OHwgaudRqZhf.jpg,226707
INVINCIBLE,Series,Animation Drama Sci-Fi & Fantasy Action & Adventure,"Mark Grayson is a normal teenager except for the fact that his father is the most powerful superhero on the planet. Shortly after his seventeenth birthday, Mark begins to develop powers of his own and enters into his father's tutelage.",8.634,https://image.tmdb.org/t/p/w500/4tblBrslcKSifMVZ3TmtT2ukMor.jpg,https://image.tmdb.org/t/p/original/9qrroces8C6R9aKr08hACNPVXdZ.jpg,95557
My Wife Has No Emotion,Series,Animation Sci-Fi & Fantasy Drama Comedy Anime,"Takuma isn’t the most exciting guy. He’s awkward, single, and does nothing but go to work and come home. Tired of doing chores, he decides to buy a housekeeping robot named Mina. She can cook and clean perfectly, and the two get to know each other better over time. Soon, Takuma starts to fall for Mina! But could a robot ever love him back?",6.5,https://image.tmdb.org/t/p/w500/ttaknfJP0qjg7kMKwH0w29fcE6d.jpg,https://image.tmdb.org/t/p/original/cQGq1oRSORK1xHnAvli4qXOBOTJ.jpg,250596
9-1-1,Series,Drama Crime Action & Adventure,"Explore the high-pressure experiences of police officers, paramedics and firefighters who are thrust into the most frightening, shocking and heart-stopping situations. These emergency responders must try to balance saving those who are at their most vulnerable with solving the problems in their own lives.",8.216,https://image.tmdb.org/t/p/w500/6njUqsd3By2mJsdZm1P0moPLzs3.jpg,https://image.tmdb.org/t/p/original/h050XJoiIobaH6bhj3MAhgilkpJ.jpg,75219
Lucifer,Series,Crime Sci-Fi & Fantasy,"Bored and unhappy as the Lord of Hell, Lucifer Morningstar abandoned his throne and retired to Los Angeles, where he has teamed up with LAPD detective Chloe Decker to take down criminals. But the longer he's away from the underworld, the greater the threat that the worst of humanity could escape.",8.434,https://image.tmdb.org/t/p/w500/ekZobS8isE6mA53RAiGDG93hBxL.jpg,https://image.tmdb.org/t/p/original/mAXOCbZzvmDa6PCh5dcIPOB51Qc.jpg,63174
Homeland,Series,Drama War & Politics Crime,"CIA officer Carrie Mathison is tops in her field despite being bipolar, which makes her volatile and unpredictable. With the help of her long-time mentor Saul Berenson, Carrie fearlessly risks everything, including her personal well-being and even sanity, at every turn.",7.587,https://image.tmdb.org/t/p/w500/6GAvS2e6VIRsms9FpVt33PsCoEW.jpg,https://image.tmdb.org/t/p/original/391ixi0wVbFtFLQnOy8ZncWv2io.jpg,1407
Reacher,Series,Action & Adventure Drama Crime,"Jack Reacher, a veteran military police investigator, has just recently entered civilian life. Reacher is a drifter, carrying no phone and the barest of essentials as he travels the country and explores the nation he once served.",8.078,https://image.tmdb.org/t/p/w500/31GlRQMiDunO8cl3NxTz34U64rf.jpg,https://image.tmdb.org/t/p/original/52Cg3g7mdekG0QsSlqz4bMBQDJI.jpg,108978
Frieren: Beyond Journey's End,Series,Animation Action & Adventure Drama Sci-Fi & Fantasy Anime,"After the party of heroes defeated the Demon King, they restored peace to the land and returned to lives of solitude.  Generations pass, and the elven mage Frieren comes face to face with humanity’s mortality. She takes on a new apprentice and promises to fulfill old friends’ dying wishes. Can an elven mind make peace with the nature of life and death? Frieren embarks on her quest to find out.",8.798,https://image.tmdb.org/t/p/w500/dqZENchTd7lp5zht7BdlqM7RBhD.jpg,https://image.tmdb.org/t/p/original/rBOnrVlck7BIlGeWVlzYiZeg4l2.jpg,209867
The X-Files,Series,Mystery Sci-Fi & Fantasy Crime,"The exploits of FBI Special Agents Fox Mulder and Dana Scully who investigate X-Files: marginalized, unsolved cases involving paranormal phenomena. Mulder believes in the existence of aliens and the paranormal while Scully, a skeptic, is assigned to make scientific analyses of Mulder's discoveries that debunk Mulder's work and thus return him to mainstream cases.",8.371,https://image.tmdb.org/t/p/w500/rcBx0p8h51LHceyhquYMxbspJQu.jpg,https://image.tmdb.org/t/p/original/w00lfexrsOeR25dO4hsWhbcUnmD.jpg,4087
MythBusters,Series,Documentary,"MythBusters is a science entertainment television program created and produced by Australia's Beyond Television Productions for the Discovery Channel. The show's hosts, special effects experts Adam Savage and Jamie Hyneman, use elements of the scientific method to test the validity of rumors, myths, movie scenes, adages, Internet videos, and news stories.",7.816,https://image.tmdb.org/t/p/w500/lvRnMu00NLGiTPijGZg9CRF3nuY.jpg,https://image.tmdb.org/t/p/original/edhROlXRob3TopjWJ5898GSvQpI.jpg,1428
Scene of the Crime,Series,Drama Crime,"Tatort is a long-running German/Austrian/Swiss, crime television series set in various parts of these countries. The show is broadcast on the channels of ARD in Germany, ORF in Austria and SF1 in Switzerland.",6.199,https://image.tmdb.org/t/p/w500/yh43TKi9himQWhzrlWBxV8WjsFn.jpg,https://image.tmdb.org/t/p/original/lUrtMjiunomHPDC2sQNIxswbmdU.jpg,3034
Spartacus,Series,Drama,"Torn from his homeland and the woman he loves, Spartacus is condemned to the brutal world of the arena where blood and death are primetime entertainment.",8.022,https://image.tmdb.org/t/p/w500/c2GKN4VHCj1dnjFMANRpGkCVBae.jpg,https://image.tmdb.org/t/p/original/zbfXS4o6UykeXsD8djFTyV7Cj4N.jpg,46296
Death in Paradise,Series,Comedy Crime Drama Mystery,A brilliant but idiosyncratic British detective and his resourceful local team solve baffling murder mysteries on the fictional Caribbean island of Saint Marie.,7.471,https://image.tmdb.org/t/p/w500/u7t6vCyqAdD5hE4eEfTrZmVljDi.jpg,https://image.tmdb.org/t/p/original/nCwAmyCcA6w1ZFjKrmwCRPiy4gt.jpg,41956
Marvel's The Punisher,Series,Action & Adventure Crime Drama,A former Marine out to punish the criminals responsible for his family's murder finds himself ensnared in a military conspiracy.,8.144,https://image.tmdb.org/t/p/w500/y6wYElX5HaPZItVGJcYGdQO7k8g.jpg,https://image.tmdb.org/t/p/original/jBGjbSDRxOEudW9rmQbWDzJUKq9.jpg,67178
Mushoku Tensei: Jobless Reincarnation,Series,Action & Adventure Animation Sci-Fi & Fantasy Anime,"When a 34-year-old underachiever gets run over by a truck, his story doesn't end there. Reincarnated in a new world as an infant, Rudy will seize every opportunity to live the life he's always wanted. Armed with new friends, some freshly acquired magical abilities, and the courage to do the things he's always dreamed of, he's embarking on an epic adventure—with all of his past experience intact!",8.555,https://image.tmdb.org/t/p/w500/gLKOYIMyKlUHW0SVdskhgf9C0yy.jpg,https://image.tmdb.org/t/p/original/j9fRIimor0AMFJR9kjZubXcABzZ.jpg,94664
Re:ZERO -Starting Life in Another World-,Series,Animation Action & Adventure Mystery Sci-Fi & Fantasy Drama Anime,"Natsuki Subaru, an ordinary high school  student, is on his way home from the convenience store when he finds  himself transported to another world. As he's lost and confused in a new  world where he doesn't even know left from right, the only person to  reach out to him was a beautiful girl with silver hair. Determined to  repay her somehow for saving him from his own despair, Subaru agrees to  help the girl find something she's looking for.",7.856,https://image.tmdb.org/t/p/w500/5MrRCj7z92YLWMXHeWKp19eJPYv.jpg,https://image.tmdb.org/t/p/original/x6y59dJBE1o0r4YRsWVQXE2nnlB.jpg,65942
Regular Show,Series,Animation Comedy Action & Adventure Sci-Fi & Fantasy,The surreal misadventures of two best friends - a blue jay and a raccoon - as they seek to liven up their mundane jobs as groundskeepers at the local park.,8.635,https://image.tmdb.org/t/p/w500/mS5SLxMYcKfUxA0utBSR5MOAWWr.jpg,https://image.tmdb.org/t/p/original/bhF63Jd90gRYyTHd4y5GCGA2vX6.jpg,31132
Raw,Series,Reality,"A regularly scheduled, live, year-round program featuring some of the biggest WWE Superstars.",6.832,https://image.tmdb.org/t/p/w500/fstEe6RsyNyPUnMwNcL20iNl0nE.jpg,https://image.tmdb.org/t/p/original/eGPH1IwktalozwCmeLTp3aPbHGC.jpg,4656
Private Practice,Series,Drama,"Having left behind Seattle Grace Hospital, renowned surgeon Addison Forbes Montgomery moves to Los Angeles for sunnier weather and happier possibilities. She reunites with her friends from medical school, joining them at their chic, co-op, Oceanside Wellness Center in Santa Monica.",7.542,https://image.tmdb.org/t/p/w500/pW20ANAGdrgreYJExduUVaWos6H.jpg,https://image.tmdb.org/t/p/original/2iYitemZYaZUcmSo0l2p3WHvj5J.jpg,3172
NCIS: Los Angeles,Series,Action & Adventure Drama Crime Mystery,"The exploits of the Los Angeles–based Office of Special Projects (OSP), an elite division of the Naval Criminal Investigative Service that specializes in undercover assignments.",7.538,https://image.tmdb.org/t/p/w500/TIIgcznwNfNr3KOZvxn26eKV99.jpg,https://image.tmdb.org/t/p/original/dAepkmD4vdfhS82r2OIqF1nwGR5.jpg,17610
Seinfeld,Series,Comedy,A stand-up comedian and his three offbeat friends weather the pitfalls and payoffs of life in New York City in the '90s. It's a show about nothing.,8.261,https://image.tmdb.org/t/p/w500/aCw8ONfyz3AhngVQa1E2Ss4KSUQ.jpg,https://image.tmdb.org/t/p/original/tMRdEsMg9MyXAkcufK9YJEeIaNW.jpg,1400
Berlin,Series,Drama Action & Adventure Crime,"During his glory days, Berlin and a gang assembled in Paris for one of his greatest plans ever: stealing 44 million euros' worth of jewels in one night.",7.6,https://image.tmdb.org/t/p/w500/69YuvoiWTtK6oyYH2Jl4Q6SgZ59.jpg,https://image.tmdb.org/t/p/original/179sUCj5AcFKdQpvDhkIX15NRgy.jpg,146176
Law & Order: Criminal Intent,Series,Drama,The third installment of the “Law & Order” franchise takes viewers deep into the minds of its criminals while following the intense psychological approaches the Major Case Squad uses to solve its crimes.,7.602,https://image.tmdb.org/t/p/w500/zgBg8gTCELQg73awE7qAuV06c4Z.jpg,https://image.tmdb.org/t/p/original/qLYumObEHeRHFMC6N3SfCrnBFjp.jpg,4601
Hello Saturday,Series,Reality,"""Hello, Saturday"" is the rebranding of the popular Chinese show ""Happy Camp"", hosted by He Jiong and with a fixed group of regular celebrity members.

The program showcases the talent of various stars as well as social topics through creative and diverse content and games. It aims to spread positive energy while keeping up with the current trends and leading youth culture.",6.4,https://image.tmdb.org/t/p/w500/wsTjWy6NE2s3h0neChr0D92ddwI.jpg,https://image.tmdb.org/t/p/original/pvOI0jUuBVigqNTXClGGhIK2dSk.jpg,154770
Wonderland,Series,Reality,"A social experiment reality show about the cultivation of an ideal community, inviting 15 guests to Taohuawu, 15KM away from the city center, to live together for 21 days, creating an ideal society in their hearts. See how they live, work, and live in harmony in friction and cooperation. It is also a journey to explore the source of material and spiritual consensus.",8.0,https://image.tmdb.org/t/p/w500/A3C6crK4GQPNt2f43Vq6l2c845Y.jpg,https://image.tmdb.org/t/p/original/Rseua6cAC83aVDNMExhzxHNqgy.jpg,126398
American Horror Story,Series,Drama Mystery Sci-Fi & Fantasy,"An anthology horror drama series centering on different characters and locations, including a house with a murderous past, an asylum, a witch coven, a freak show, a hotel, a farmhouse in Roanoke, a cult, the apocalypse and a summer camp.",8.083,https://image.tmdb.org/t/p/w500/x2c3AvZeTyNehRZXabTojAxfDuR.jpg,https://image.tmdb.org/t/p/original/a4doyPOabvQor0RGkWdhVENAR3G.jpg,1413
How I Met Your Mother,Series,Comedy,A father recounts to his children - through a series of flashbacks - the journey he and his four best friends took leading up to him meeting their mother.,8.131,https://image.tmdb.org/t/p/w500/b34jPzmB0wZy7EjUZoleXOl2RRI.jpg,https://image.tmdb.org/t/p/original/3f8aW6vcYRP6mTZdgXm83BiuB9t.jpg,1100
Monk,Series,Drama Comedy Crime Mystery,"Adrian Monk was once a rising star with the San Francisco Police Department, legendary for using unconventional means to solve the department's most baffling cases. But after the tragic (and still unsolved) murder of his wife Trudy, he developed an extreme case of obsessive-compulsive disorder. Now working as a private consultant, Monk continues to investigate cases in the most unconventional ways.",7.948,https://image.tmdb.org/t/p/w500/3axGMbUecXXOPSeG47v2i9wK5y5.jpg,https://image.tmdb.org/t/p/original/dMY7XUfEAK0Rl8hsgc8ufEOaiZ2.jpg,1695
Binnelanders,Series,Soap,"A South African Afrikaans soap opera. It is set in and around the fictional private hospital, Binneland Kliniek, in Pretoria, and the storyline follows the trials, trauma and tribulations of the staff and patients of the hospital.",5.545,https://image.tmdb.org/t/p/w500/3bzECfllho8PphdYujLUIuhncJD.jpg,https://image.tmdb.org/t/p/original/s1dTt4M31q2HwD5Fkl1tf5tQzJg.jpg,206559
Grimm,Series,Drama Mystery Sci-Fi & Fantasy,"After Portland homicide detective Nick Burkhardt discovers he's descended from an elite line of criminal profilers known as ""Grimms,"" he increasingly finds his responsibilities as a detective at odds with his new responsibilities as a Grimm.",8.267,https://image.tmdb.org/t/p/w500/iOptnt1QHi6bIHmOq6adnZTV0bU.jpg,https://image.tmdb.org/t/p/original/oS3nip9GGsx5A7vWp8A1cazqJlF.jpg,39351
Pokémon,Series,Animation Action & Adventure Sci-Fi & Fantasy Anime,"Join Ash accompanied by his partner Pikachu, as he travels through many regions, meets new friends and faces new challenges on his quest to become a Pokémon Master.",7.979,https://image.tmdb.org/t/p/w500/lP4zwr0F7hWTbAFltfoFTc2AxRG.jpg,https://image.tmdb.org/t/p/original/yYpQV25I7XB6S0POJOScPjxYWV5.jpg,60572
The Graham Norton Show,Series,Comedy Talk,Each week celebrity guests join Irish comedian Graham Norton to discuss what's being going on around the world that week. The guests poke fun and share their opinions on the main news stories. Graham is often joined by a band or artist to play the show out.,7.2,https://image.tmdb.org/t/p/w500/vrbqaBXB8AALynQzpWz6JdCPEJS.jpg,https://image.tmdb.org/t/p/original/5UNcEz7Lc3OGilpPn1Tb9cd1xsc.jpg,1220
SPY x FAMILY,Series,Animation Action & Adventure Comedy Anime,"A spy, an assassin and a telepath come together to pose as a family, each for their own reasons, while hiding their true identities from each other.",8.507,https://image.tmdb.org/t/p/w500/7NAvPYPAu7MeHwP8E9sn81PqsRh.jpg,https://image.tmdb.org/t/p/original/lysUnU6V0VfcthDbviuVlIqgHOR.jpg,120089
The Kelly Clarkson Show,Series,Talk,"Kelly Clarkson presents the biggest newsmakers and names in film, television and music; as well as emerging new talent and everyday people who are beacons of hope in their communities.",6.4,https://image.tmdb.org/t/p/w500/sBix25bie9UQFzbarN51DpFO5ky.jpg,https://image.tmdb.org/t/p/original/bk7QdAIUqkGpZO5GUX4AMB2AZIB.jpg,82873
Weak Hero,Series,Action & Adventure Drama,"With the aid of unexpected friends, a gifted but introverted student confronts bullies and violent foes — unaware of how dangerous his world will become.",8.7,https://image.tmdb.org/t/p/w500/dbqNBeLvAWFqpAvdBc0cecaqytT.jpg,https://image.tmdb.org/t/p/original/cLTAda6fMRirkCY1xfO4pmcHVkk.jpg,200709
JoJo's Bizarre Adventure,Series,Animation Action & Adventure Sci-Fi & Fantasy Anime,"Follow the intergenerational feud between the Joestar Family and various forces of evil, the most prominent of which is Dio Brando and his followers.",8.558,https://image.tmdb.org/t/p/w500/ogAWwbh3frWtiTyyXrZaVFtqCgp.jpg,https://image.tmdb.org/t/p/original/mLKN1dsimKPiXCZ48KED0X8a02t.jpg,45790
Westworld,Series,Sci-Fi & Fantasy Western,"A dark odyssey about the dawn of artificial consciousness and the evolution of sin. Set at the intersection of the near future and the reimagined past, it explores a world in which every human appetite, no matter how noble or depraved, can be indulged.",8.02,https://image.tmdb.org/t/p/w500/ALlSU9du9iRiKIIoY1sREGNqQ5.jpg,https://image.tmdb.org/t/p/original/rX5hvSRB2k4YoIvRg6Zky52rWk0.jpg,63247
Charmed,Series,Comedy Drama Mystery Sci-Fi & Fantasy,"Three sisters (Prue, Piper and Phoebe) reunite and unlock their powers to become the Charmed Ones, the most powerful good witches of all time, whose prophesied destiny is to protect innocent lives from evil beings such as demons and warlocks. Each sister possesses unique magical powers that grow and evolve, while they attempt to maintain normal lives in modern day San Francisco. ",8.163,https://image.tmdb.org/t/p/w500/z4bPJ1BWU2EtV69NII2GVvsugQ2.jpg,https://image.tmdb.org/t/p/original/ueZFcwAUvkjyAB9beaiqJyg0M8H.jpg,1981
Naruto,Series,Animation Action & Adventure Sci-Fi & Fantasy Anime,"Naruto Uzumaki, a mischievous adolescent ninja, struggles as he searches for recognition and dreams of becoming the Hokage, the village's leader and strongest ninja.",8.364,https://image.tmdb.org/t/p/w500/xppeysfvDKVx775MFuH8Z9BlpMk.jpg,https://image.tmdb.org/t/p/original/mpsYIytXhDXjI9yYC1Fp1S3PxsS.jpg,46260
Fights Break Sphere,Series,Animation Action & Adventure Sci-Fi & Fantasy Donghua,"In a land where no magic is present. A land where the strong make the rules and weak have to obey. A land filled with alluring treasures and beauty, yet also filled with unforeseen danger. Three years ago, Xiao Yan, who had shown talents none had seen in decades, suddenly lost everything. His powers, his reputation, and his promise to his mother. What sorcery has caused him to lose all of his powers? And why has his fiancee suddenly shown up?",8.2,https://image.tmdb.org/t/p/w500/a9bJPlezCXF6u0siDxf7cZaSXaJ.jpg,https://image.tmdb.org/t/p/original/9y6yZz4fTBvQLYEBeDP8O9e6VBe.jpg,79481
Charmsukh,Series,Drama,"Charmsukh is an erotic, drama web-series streamed on ULLU network with each episode having unique storyline.",7.0,https://image.tmdb.org/t/p/w500/6Kt9zIsrtqs1x1XyNFxOeEjlkKB.jpg,https://image.tmdb.org/t/p/original/9A07STwXqS46yDlR0FMSt9kIO3L.jpg,97072
Seeking Persephone,Series,Drama,"To save her family, Persephone marries a cold, distant duke - never expecting to awaken a love that could change them both forever.",8.625,https://image.tmdb.org/t/p/w500/tJsS5oFvcKsJ3NdlTbuG7nyCDIK.jpg,https://image.tmdb.org/t/p/original/x0zAZmhH4Pbo6PctR5WzWoJ7SAV.jpg,316830
JAG,Series,Drama Action & Adventure Crime,"Harmon ""Harm"" Rabb Jr. is a former pilot turned lawyer working for the military's JAG (Judge Advocate General) division, the elite legal wing of officers that prosecutes and defends those accused of military-related crimes. He works closely with Lt. Col. Sarah Mackenzie, and together they do what needs to be done to find the truth.",7.3,https://image.tmdb.org/t/p/w500/zPyHpkJZ5O08lbgrQQIROXtb3xz.jpg,https://image.tmdb.org/t/p/original/rxnschfLZf3ZPRiIa6oBBMtY7hF.jpg,4376
Saturday Night Live,Series,Comedy News,"A late-night live television sketch comedy and variety show created by Lorne Michaels. The show's comedy sketches, which parody contemporary culture and politics, are performed by a large and varying cast of repertory and newer cast members. Each episode is hosted by a celebrity guest, who usually delivers an opening monologue and performs in sketches with the cast, and features performances by a musical guest.",6.948,https://image.tmdb.org/t/p/w500/s1cZBqbMwAF3w8S3Yo0j5nr2Yuo.jpg,https://image.tmdb.org/t/p/original/sSAX59Kf01lBRkBW4UcIL4kIoIm.jpg,1667
AIBOU: Tokyo Detective Duo,Series,Drama Crime Mystery,"Detective Ukyo Sugishita confronts crime on the basis of his own convictions. He has a partner that works for him in the Special Task Unit. For the first 7 seasons, Ukyo’s first partner is Kaoru Kameyama. He is a good-natured, hot-tempered, straightforward and somewhat scattered detective. Beginning in Season 8, Takeru Kanbe replaces Kameyama. Contrary to his predecessor, Takeru is a lanky, cool, conceited and confident detective. From Season 11 to Season 13, Ukyo’s partner is a young detective Toru Kai. Toru is a son of Deputy Director-General of The National Police Agency. But he became a detective by his own effort. And starting with Season 14, Ukyo’s current partner is Wataru Kaburagi, an elite bureaucrat who came to the Metropolitan Police Department on temporary assignment. As the first partner without any career of a police officer, he will face challenging cases together with Ukyo.",7.545,https://image.tmdb.org/t/p/w500/8u8rCCeuBufMQ1VlGX0lruhDaPR.jpg,https://image.tmdb.org/t/p/original/ka4rcpCCBPAATLdQEn57qZQT8e4.jpg,40663
Fargo,Series,Crime Drama,"A close-knit anthology series dealing with stories involving malice, violence and murder based in and around Minnesota.",8.3,https://image.tmdb.org/t/p/w500/a3VW6khsyUVKrG0GBCWFG3NzWPX.jpg,https://image.tmdb.org/t/p/original/4jrSbRpLqpvYJtLKncaxZVC47EW.jpg,60622
Late Show with David Letterman,Series,Talk Comedy,"David Letterman uses mature humor to appeal to his audience in this weeknight series, which gets its music from a house band led by Paul Shaffer. Among the show's most-famous segments are the Top Ten List and Stupid Pet Tricks, the latter of which subsequently led to an additional recurring segment called Stupid Human Tricks.",6.439,https://image.tmdb.org/t/p/w500/3wzEg2MknkM5AGytRrb1DRife6F.jpg,https://image.tmdb.org/t/p/original/7jEnft2CLNbILWAiBRIBrXNN7Qh.jpg,498
Young Sheldon,Series,Comedy Family Drama,"The early life of child genius Sheldon Cooper, later seen in The Big Bang Theory.",8.036,https://image.tmdb.org/t/p/w500/kidkbZRBGbsEIrX7pODRSKi9ipl.jpg,https://image.tmdb.org/t/p/original/nlDBlCtorM7nx130wYnfR5ZmyLX.jpg,71728
Real Time with Bill Maher,Series,Comedy Talk,"Each week Bill Maher surrounds himself with a panel of guests which include politicians, actors, comedians, musicians and the like to discuss what's going on in the world.",6.048,https://image.tmdb.org/t/p/w500/pbpoLLp4kvnYVfnEGiEhagpJuVZ.jpg,https://image.tmdb.org/t/p/original/njEGYHyq58q94ZPJlSGs6bGrepv.jpg,4419
Psych,Series,Drama Comedy Crime,"Thanks to his police officer father's efforts, Shawn Spencer spent his childhood developing a keen eye for detail (and a lasting dislike of his dad). Years later, Shawn's frequent tips to the police lead to him being falsely accused of a crime he solved.

Now, Shawn has no choice but to use his abilities to perpetuate his cover story: psychic crime-solving powers, all the while dragging his best friend, his dad, and the police along for the ride.",7.906,https://image.tmdb.org/t/p/w500/fDI15gTVbtW5Sbv5QenqecRxWKJ.jpg,https://image.tmdb.org/t/p/original/sh7GRlX4d7j3XSTeyGZnlKqkHGk.jpg,1447
ER,Series,Drama,ER explores the inner workings of an urban teaching hospital and the critical issues faced by the dedicated physicians and staff of its overburdened emergency room.,7.833,https://image.tmdb.org/t/p/w500/fuS63AoFTkprf8PFeL1f8z68zJr.jpg,https://image.tmdb.org/t/p/original/b1t0mS2MAqnMdh5opqi94rlDEjn.jpg,4588
Sons of Anarchy,Series,Crime Drama,"The Sons of Anarchy (SOA) are an outlaw motorcycle club with many charters in the United States and overseas. The show focused on the original and founding charter, Sons of Anarchy Motorcycle Club, Redwood Original, often referred to by the acronym SAMCRO, Sam Crow, or simply Redwood Charter. The charter operates both legal and illegal businesses in the small town of Charming, California. They combine gun-running and a garage, and involvement in porn film industry. Clay, the charter president, likes it old school and violent; while Jax, his stepson and the club's VP, has thoughts about changing the way things are done. Their conflict has effects on both the club and their personal relationship, especially when Jax goes on a personal quest to cleanse the SAMCRO name and image.",8.415,https://image.tmdb.org/t/p/w500/kiy8BHtIHAslh81rvFcZ4wbNGdY.jpg,https://image.tmdb.org/t/p/original/mcgZDwhMlrFsfpbvCeg5RY5mhiu.jpg,1409
The Good Wife,Series,Drama,Alicia Florrick boldly assumes full responsibility for her family and re-enters the workforce after her husband's very public sex and political corruption scandal lands him in jail.,7.586,https://image.tmdb.org/t/p/w500/lasNCd45fpPLirlA7QxkuopWro.jpg,https://image.tmdb.org/t/p/original/uinrziSwEmS6s8VvGBad5sed7bF.jpg,1435
Conan,Series,Talk Comedy News,A late night television talk show hosted by  Conan O'Brien.,7.177,https://image.tmdb.org/t/p/w500/oQxrvUhP3ycwnlxIrIMQ9Z3kleq.jpg,https://image.tmdb.org/t/p/original/jO803koX4pYjGuxjOkLytCusuJm.jpg,32415
Frasier,Series,Comedy Family,"After many years spent at the “Cheers” bar, Frasier moves back home to Seattle to work as a radio psychiatrist after his policeman father gets shot in the hip on duty.",7.694,https://image.tmdb.org/t/p/w500/gYAb6GCVEFsU9hzMCG5rxaxoIv3.jpg,https://image.tmdb.org/t/p/original/4FqKFhF4BrNsrK3EdRpVJofVqCp.jpg,3452
PAW Patrol,Series,Animation Kids,"Marshall, Rocky, Rubble, Zuma and Skye are doing their best to protect the people of their town. Led by Ryder, a tech-savvy 10-year-old boy, each of them is equipped with special equipment and together they help anyone who finds themselves in trouble. No task is too big for them and no puppy is too small.",6.982,https://image.tmdb.org/t/p/w500/8HXkgUBO5OF8ZK9XbY69RM4S5rv.jpg,https://image.tmdb.org/t/p/original/7OrV2aAH5Yp7hA9zCCvUloLvZtl.jpg,57532
Star Wars: The Clone Wars,Series,Action & Adventure Sci-Fi & Fantasy Animation,"Yoda, Obi-Wan Kenobi, Anakin Skywalker, Mace Windu and other Jedi Knights lead the Grand Army of the Republic against the droid army of the Separatists.",8.468,https://image.tmdb.org/t/p/w500/e1nWfnnCVqxS2LeTO3dwGyAsG2V.jpg,https://image.tmdb.org/t/p/original/m6eRgkR1KC6Mr6gKx6gKCzSn6vD.jpg,4194
Brooklyn Nine-Nine,Series,Comedy Crime,"A single-camera ensemble comedy following the lives of an eclectic group of detectives in a New York precinct, including one slacker who is forced to shape up when he gets a new boss.",8.211,https://image.tmdb.org/t/p/w500/A3SymGlOHefSKbz1bCOz56moupS.jpg,https://image.tmdb.org/t/p/original/wyspZaGs7CXceV3Ct7NJhcKNDkn.jpg,48891
Elementary,Series,Drama Mystery Crime,"A modern-day drama about a crime-solving duo that cracks the NYPD's most impossible cases. Following his fall from grace in London and a stint in rehab, eccentric Sherlock escapes to Manhattan where his wealthy father forces him to live with his worst nightmare - a sober companion, Dr. Watson.",7.628,https://image.tmdb.org/t/p/w500/q9dObe29W4bDpgzUfOOH3ZnzDbR.jpg,https://image.tmdb.org/t/p/original/7sJrNKwzyJWnFPFpDL9wnZ859LZ.jpg,1415
South Park,Series,Animation Comedy,"Follow the misadventures of four irreverent grade-schoolers in the quiet, dysfunctional town of South Park, Colorado.",8.341,https://image.tmdb.org/t/p/w500/1CGwZCFX2qerXaXQJJUB3qUvxq7.jpg,https://image.tmdb.org/t/p/original/3UviYOlhn8EgXMBuiT6MnUuo1w9.jpg,2190
Tokyo Ghoul,Series,Animation Drama Sci-Fi & Fantasy Anime,"Ken Kaneki, a bookworm college student, meets Rize, a girl his own age with whom he shares many interests.",8.265,https://image.tmdb.org/t/p/w500/1m4RlC9BTCbyY549TOdVQ5NRPcR.jpg,https://image.tmdb.org/t/p/original/jnwRlthXIgJB75Mt9GEl93Dczki.jpg,61374
Gilmore Girls,Series,Comedy Drama,"Set in the charming town of Stars Hollow, Connecticut, the series follows the captivating lives of Lorelai and Rory Gilmore, a mother/daughter pair who have a relationship most people only dream of.",7.898,https://image.tmdb.org/t/p/w500/gwtzCwU2wdLLf8oejQu2TINiWfQ.jpg,https://image.tmdb.org/t/p/original/8U2ndZrneigI2zkvGuTJtt1ZsxK.jpg,4586
Star Trek: The Next Generation,Series,Sci-Fi & Fantasy Action & Adventure Drama Mystery,"Follow the intergalactic adventures of Capt. Jean-Luc Picard and his loyal crew aboard the all-new USS Enterprise NCC-1701D, as they explore new worlds.",8.4,https://image.tmdb.org/t/p/w500/vkLzXddgUKH5VcpnYiRzpJFrZhz.jpg,https://image.tmdb.org/t/p/original/qmliLoo6GVheM2FihatlAXxCKyF.jpg,655
Bloodhounds,Series,Drama Action & Adventure Crime,"Faced with ruthless foes with a violent thirst, two young boxers band together — risking life and limb to bring justice and protect their loved ones.",8.4,https://image.tmdb.org/t/p/w500/uSQzD7TXsL96J5ggDrJFdUs8uXU.jpg,https://image.tmdb.org/t/p/original/zhsEnDNCQX5dlI2wbKzV90pV0B9.jpg,127529
Zhan Zhao Adventures,Series,Drama Mystery,"Zhan Zhao, a fourth-ranked imperial guard, embarks on a solo investigation after receiving evidence of a cold case. Along the way, he encounters the strong-willed Miss Huo Linglong and the justice-driven Bai Yutang. The three like-minded companions join forces to uncover clues, uphold justice, and capture criminals. Together, they work to expose a dangerous web of power that has infiltrated both the court and the martial world, ultimately restoring peace to the people.",7.0,https://image.tmdb.org/t/p/w500/jeSvTYUjRtV0xNjEupHpMgrBwsZ.jpg,https://image.tmdb.org/t/p/original/aqhB6P6x5wCk4lJqeXvRaD941xM.jpg,254486
Without a Trace,Series,Crime Mystery Action & Adventure Drama,The series follows the ventures of a Missing Persons Unit of the FBI in New York City.,7.251,https://image.tmdb.org/t/p/w500/iNhE283iY7xtS8zCjhSxpTfOzn0.jpg,https://image.tmdb.org/t/p/original/9PBVvl5o88WyKoynCYsws9jkGAl.jpg,2593
Fire in His Fingertips,Series,Comedy Animation Anime,"Office worker Ryou Fujihashi is trapped inside her apartment which has set ablaze. The firefighters arrive in time to save her, and one of them happens to be Souma Mizuno, Fujihashi's childhood friend who she had a crush on. As the apartment fire gets put out, an old love gets rekindled.",6.905,https://image.tmdb.org/t/p/w500/yHUDRf2e9FGeWXPsT5lVF3iCUwc.jpg,https://image.tmdb.org/t/p/original/lLOLKqe6r7uESLDcoO4TaZPHNdW.jpg,90388
Perry Mason,Series,Mystery Drama Crime,The cases of master criminal defense attorney Perry Mason and his staff who handled the most difficult of cases in the aid of the innocent.,7.706,https://image.tmdb.org/t/p/w500/sK6JvgNFP1ClT4aF4nPAZiDpAdk.jpg,https://image.tmdb.org/t/p/original/iq4BjyVsDxzg24XnjoGP0Xi2Tz5.jpg,4177
Bosch,Series,Mystery Drama Crime,"Harry Bosch, an LAPD homicide detective, stands trial for the fatal shooting of a serial murder suspect. A cold case involving the remains of a missing boy forces Bosch to confront his past. As daring recruit Julia Brasher catches his eye and departmental politics heat up, Bosch will pursue justice at all costs.",7.919,https://image.tmdb.org/t/p/w500/vVwyo9fwHp5zhX96CzpuRBFl2SJ.jpg,https://image.tmdb.org/t/p/original/23S5oKZjlXehjNLEhMQuxjwbyuA.jpg,60585
Dallas,Series,Soap Drama Family,"The world's first mega-soap, and one of the most popular ever produced, Dallas had it all. Beautiful women, expensive cars, and men playing Monopoly with real buildings. Famous for one of the best cliffhangers in TV history, as the world asked ""Who shot J.R.?"" A slow-burner to begin with, Dallas hit its stride in the 2nd season, with long storylines and expert character development. Dallas ruled the airwaves in the 1980's.",6.849,https://image.tmdb.org/t/p/w500/A1dupjBm7rXqBw2Dbz9WUsHoyxo.jpg,https://image.tmdb.org/t/p/original/5Z40OJgNeedcAgqPRTGQzlk17Mv.jpg,40
Men on a Mission,Series,Reality Comedy,"Male celebs play make-believe as high schoolers, welcoming star transfer students every week and engaging in battles of witty humor and slapstick.",7.5,https://image.tmdb.org/t/p/w500/2jIi55JtYKJTL1km8qHMuUilOWo.jpg,https://image.tmdb.org/t/p/original/a8a8z4aJr40zYgRMfmSESppX2eO.jpg,70672
Naruto Shippūden,Series,Animation Action & Adventure Sci-Fi & Fantasy Anime,"After 2 and a half years Naruto finally returns to his village of Konoha, and sets about putting his ambitions to work. It will not be easy though as he has amassed a few more dangerous enemies, in the likes of the shinobi organization; Akatsuki.",8.5,https://image.tmdb.org/t/p/w500/kV27j3Nz4d5z8u6mN3EJw9RiLg2.jpg,https://image.tmdb.org/t/p/original/z0YhJvomqedHF85bplUJEotkN5l.jpg,31910
The Pitt,Series,Drama,The staff of Pittsburgh's Trauma Medical Center work around the clock to save lives in an overcrowded and underfunded emergency department.,8.745,https://image.tmdb.org/t/p/w500/kvFSpESyBZMjaeOJDx7RS3P1jey.jpg,https://image.tmdb.org/t/p/original/z3BkMbCy5ajZPMyKEUwsPHuz2cV.jpg,250307
You,Series,Mystery Crime Drama,"A dangerously charming, obsessive man goes to extreme measures to insert himself into the lives of women who fascinate him.",8.011,https://image.tmdb.org/t/p/w500/oANi0vEE92nuijiZQgPZ88FSxqQ.jpg,https://image.tmdb.org/t/p/original/gzOIymABxmetAECXtazEYCpMmfb.jpg,78191
Fringe,Series,Sci-Fi & Fantasy Drama Mystery,"FBI Special Agent Olivia Dunham, brilliant but formerly institutionalized scientist Walter Bishop and his scheming, reluctant son Peter uncover a deadly mystery involving a series of unbelievable events and realize they may be a part of a larger, more disturbing pattern that blurs the line between science fiction and technology.",8.1,https://image.tmdb.org/t/p/w500/sY9hg5dLJ93RJOyKEiu1nAtBRND.jpg,https://image.tmdb.org/t/p/original/eksjqZGaGUtSZJD6nWQPsqzDMn0.jpg,1705
Chihayafuru,Series,Animation Drama Anime,"Chihaya Ayase has spent most of her life supporting her sister’s model career. When she meets a boy named Arata Wataya, he thinks Chihaya has potential to become a great karuta player. As Chihaya dreams of becoming Japan's best karuta player, she is soon separated from her karuta playing friends. Now in high school, Chihaya still plays karuta in the hope that she will one day meet her friends again.",7.591,https://image.tmdb.org/t/p/w500/x1yYnCaK8gLnLgQSnd9IGoapHbx.jpg,https://image.tmdb.org/t/p/original/e1R4kNrWvSfb8AVViMp0okVJfuk.jpg,45247
Adam's Sweet Agony,Series,Animation Anime,"This is the story of a boy, who became the lone Adam among four billion Eves. In a world where a pandemic has rendered all men impotent, high school student Itsuki is the exception who escaped it. In order to protect this secret, he transfers to a very special high school, which turns out to be composed of 90% girls! There, he encounters an upbeat and friendly senior, a sexually frustrated female teacher, a tomboyish school 'prince,' and an heiress from a wealthy family. For Itsuki, who has his pick of any woman in the world, the question remains: which one will he choose?",6.786,https://image.tmdb.org/t/p/w500/1n1ZP0KHXUSvVxZG63x7aOzmO4M.jpg,https://image.tmdb.org/t/p/original/bM4nCynOSA5oCNqLsqb1Fo56sZQ.jpg,241002
One Tree Hill,Series,Drama,"In Tree Hill, North Carolina two half brothers share a last name and nothing else. Brooding, blue-collar Lucas is a talented street-side basketball player, but his skills are appreciated only by his friends at the river court. Popular, affluent Nathan basks in the hero-worship of the town, as the star of his high school team. And both boys are the son of former college ball player Dan Scott whose long ago choice to abandon Lucas and his mother Karen, will haunt him long into his life with wife Deb and their son Nathan.",7.8,https://image.tmdb.org/t/p/w500/sOrelBaAhp7DZbPTivDwKEyPslC.jpg,https://image.tmdb.org/t/p/original/eDNSgT1xPMKYcEzJ5GG0PCE3NcN.jpg,269
Daredevil: Born Again,Series,Drama Action & Adventure Crime,"Matt Murdock, a blind lawyer with heightened abilities, is fighting for justice through his bustling law firm, while former mob boss Wilson Fisk pursues his own political endeavors in New York. When their past identities begin to emerge, both men find themselves on an inevitable collision course.",8.173,https://image.tmdb.org/t/p/w500/xDUoAsU8lQHOOoRkFiBuarmACDN.jpg,https://image.tmdb.org/t/p/original/qrTAc0ZtQ859Qu5O8cixJzNJpQs.jpg,202555
Malcolm in the Middle,Series,Comedy,"A gifted young teen tries to survive life with his dimwitted, dysfunctional family.",8.47,https://image.tmdb.org/t/p/w500/uftxEWbn3OSykTy4DX4BrdVeiuv.jpg,https://image.tmdb.org/t/p/original/si3OheCrSpEyK2JUtZOThsZPUR4.jpg,2004
Solo Leveling,Series,Animation Action & Adventure Sci-Fi & Fantasy Anime,"They say whatever doesn’t kill you makes you stronger, but that’s not the case for the world’s weakest hunter Sung Jinwoo. After being brutally slaughtered by monsters in a high-ranking dungeon, Jinwoo came back with the System, a program only he could see, that’s leveling him up in every way. Now, he’s inspired to discover the secrets behind his powers and the dungeon that spawned them.",8.644,https://image.tmdb.org/t/p/w500/geCRueV3ElhRTr0xtJuEWJt6dJ1.jpg,https://image.tmdb.org/t/p/original/xMNH87maNLt9n2bMDYeI6db5VFm.jpg,127532
CSI: NY,Series,Crime Drama Mystery,"Follow the investigations of a team of NYPD forensic scientists and police officers identified as ""Crime Scene Investigators"".",7.321,https://image.tmdb.org/t/p/w500/4TGV4Bb3OPay4cHkQRlfwghv3vC.jpg,https://image.tmdb.org/t/p/original/qn4xPcrZnYUKk9gSQd1yuNn6xqk.jpg,2458
Secret Mission - Undercover Agents Never Back Down!,Series,Animation Anime,"Narcotics Enforcement Agent Riko Ikazuchi is undercover with her junior colleague Noma in an apartment that serves as the hideout for a criminal organization. Despite Riko and Noma posing as a newlywed couple, the criminals begin to suspect them after not hearing any marital intimacy during the night. To convince them that they are a loving couple, Noma starts touching Riko's body...",6.1,https://image.tmdb.org/t/p/w500/xZV8e1iKi85PFZlbQBdznvtpAVJ.jpg,https://image.tmdb.org/t/p/original/5IBSPGPAEFEkEJo4leqvpq0RcKf.jpg,233643
The West Wing,Series,Drama,The West Wing provides a glimpse into presidential politics in the nation's capital as it tells the stories of the members of a fictional presidential administration. These interesting characters have humor and dedication that touches the heart while the politics that they discuss touch on everyday life.,8.259,https://image.tmdb.org/t/p/w500/yqDWr5NAE7m1IWrygYwLyEB6pN0.jpg,https://image.tmdb.org/t/p/original/o6ixncGLOtRPz78vEIy9p1cOn9J.jpg,688
The Cleaning Lady,Series,Crime Drama,"A whip-smart doctor comes to the U.S. for a medical treatment to save her ailing son. But when the system fails and pushes her into hiding, she refuses to be beaten down and marginalized. Instead, she becomes a cleaning lady for the mob and starts playing the game by her own rules.",7.418,https://image.tmdb.org/t/p/w500/aoTQhDKiuKpn599yNxp03wr2ZHu.jpg,https://image.tmdb.org/t/p/original/eVGaiNUPhwKyiuWH6LfNa60JFyQ.jpg,125282
The Colbert Report,Series,News Comedy,"The Colbert Report is an American satirical late night television program. It stars political humorist Stephen Colbert, a former correspondent for The Daily Show with Jon Stewart. The Colbert Report is a spin-off from and counterpart to The Daily Show that comments on politics and the media in a similar way. The show focuses on a fictional anchorman character named Stephen Colbert, played by his real-life namesake. The character, described by Colbert as a ""well-intentioned, poorly informed, high-status idiot"", is a caricature of televised political pundits.",6.943,https://image.tmdb.org/t/p/w500/pn2CVXjOlR8kY5MgOTJjZ71IM0Q.jpg,https://image.tmdb.org/t/p/original/Ajku4m7jbMpCTEPr794Imv19mCA.jpg,4385
Bob's Burgers,Series,Animation Comedy,"Bob's Burgers follows a third-generation restaurateur, Bob, as he runs Bob's Burgers with the help of his wife and their three kids. Bob and his quirky family have big ideas about burgers, but fall short on service and sophistication. Despite the greasy counters, lousy location and a dearth of customers, Bob and his family are determined to make Bob's Burgers ""grand re-re-re-opening"" a success.",7.847,https://image.tmdb.org/t/p/w500/iIHsQe3Qjs3NH62HdamyQEPeqTR.jpg,https://image.tmdb.org/t/p/original/2AVPwdHJsF044jT39akgLxxv2zx.jpg,32726
Dragon Ball Z,Series,Animation Sci-Fi & Fantasy Action & Adventure Anime,"Now happily married and with a son, martial arts champion Goku must defend Earth from a series of extraterrestrial invaders bent on destruction.",8.361,https://image.tmdb.org/t/p/w500/yfyToia25GnvjY7FPAGaCm3lKRc.jpg,https://image.tmdb.org/t/p/original/ydf1CeiBLfdxiyNTpskM0802TKl.jpg,12971
The 100,Series,Sci-Fi & Fantasy Action & Adventure Drama Crime,"100 years in the future, when the Earth has been abandoned due to radioactivity, the last surviving humans live on an ark orbiting the planet — but the ark won't last forever. So the repressive regime picks 100 expendable juvenile delinquents to send down to Earth to see if the planet is still habitable.",7.881,https://image.tmdb.org/t/p/w500/wcaDIAG1QdXQLRaj4vC1EFdBT2.jpg,https://image.tmdb.org/t/p/original/8ZerYKvIaNUJZvAHXYTQu4qTwFw.jpg,48866
The Handmaid's Tale,Series,Drama Sci-Fi & Fantasy Action & Adventure,"Set in a dystopian future, a woman is forced to live as a concubine under a fundamentalist theocratic dictatorship.",8.141,https://image.tmdb.org/t/p/w500/eGUT7j3n3rn5yGihlCgwUnD70HV.jpg,https://image.tmdb.org/t/p/original/atb20IUkdYcZISq3DJ769nc3h1G.jpg,69478
iPartment,Series,Drama Comedy,,6.8,https://image.tmdb.org/t/p/w500/jLMUydug1jJxAZdAuT5Y2JnjvQI.jpg,https://image.tmdb.org/t/p/original/s0IbaQ6Ielysg7gsizR5amtOEmr.jpg,68809
Agatha Christie's Poirot,Series,Crime Drama Mystery,"From England to Egypt, accompanied by his elegant and trustworthy sidekicks, the intelligent yet eccentrically-refined Belgian detective Hercule Poirot pits his wits against a collection of first class deceptions.",8.179,https://image.tmdb.org/t/p/w500/6f4IVfbn8knb7RjdZlGLuW5guDc.jpg,https://image.tmdb.org/t/p/original/rwxxDbG9Kijki7CkmB4k64MSbte.jpg,790
NOVA,Series,Documentary,"PBS' premier science series helps viewers of all ages explore the science behind the headlines. Along the way, NOVA demystifies science and technology, and highlights the people involved in scientific pursuits.",7.0,https://image.tmdb.org/t/p/w500/giUBXYnDAaJgNqA6iE3BMVE2EHp.jpg,https://image.tmdb.org/t/p/original/euEHCRdfV1ZTDgfhZm1XKHVkZ2K.jpg,3562
The Strain,Series,Sci-Fi & Fantasy Drama Mystery,"A high concept thriller that tells the story of Dr. Ephraim Goodweather, the head of the Center for Disease Control Canary Team in New York City. He and his team are called upon to investigate a mysterious viral outbreak with hallmarks of an ancient and evil strain of vampirism. As the strain spreads, Eph, his team, and an assembly of everyday New Yorkers, wage war for the fate of humanity itself.",7.465,https://image.tmdb.org/t/p/w500/2BWErT9QcADpf2G4BZ769eSnFTP.jpg,https://image.tmdb.org/t/p/original/4YnAZ1KO9goeS4c06VO7HXiO3oO.jpg,47640
Teen Titans Go!,Series,Animation Action & Adventure Comedy Family Sci-Fi & Fantasy,"Robin, Starfire, Raven, Beast Boy and Cyborg return in all-new, comedic adventures. They may be super heroes who save the world every day ... but somebody still has to do the laundry!",6.4,https://image.tmdb.org/t/p/w500/kPKAigYUlWRpnfo4Ptiwlz4FWXU.jpg,https://image.tmdb.org/t/p/original/bIHCUqaapZdRjd2kzSDiwzYyrpC.jpg,45140
Black Mirror,Series,Sci-Fi & Fantasy Drama Mystery,"Twisted tales run wild in this mind-bending anthology series that reveals humanity's worst traits, greatest innovations and more.",8.286,https://image.tmdb.org/t/p/w500/seN6rRfN0I6n8iDXjlSMk1QjNcq.jpg,https://image.tmdb.org/t/p/original/dg3OindVAGZBjlT3xYKqIAdukPL.jpg,42009
Virtues of Harmony II,Series,Comedy Family Drama,"The Virtues of Harmony II is a long-running TVB television series, which follows its first series, Virtues of Harmony, a series set in Ancient China. This new, second series of the Virtues of Harmony is set in Modern Hong Kong.",7.5,https://image.tmdb.org/t/p/w500/im3qS74ptAtmu7Tz07cN3xnW7xn.jpg,https://image.tmdb.org/t/p/original/ulfQAr9vrBp5FCldESWbz9w8x6v.jpg,4013
Curb Your Enthusiasm,Series,Comedy,"The off-kilter, unscripted comic vision of Larry David, who plays himself in a parallel universe in which he can't seem to do anything right, and, by his standards, neither can anyone else.",8.03,https://image.tmdb.org/t/p/w500/mZqWmSq1M61Jlre3furVDSXvdrN.jpg,https://image.tmdb.org/t/p/original/eNSIkGIYqXVFNmT85P4X7BsXkYI.jpg,4546
Undekhi,Series,Crime Drama,"Show depicts the two aspects of the society - the power-drunk influential people who think they can get away with anything and the oppressed, subjected to years of torture, who finally decide to bring themselves to justice",8.3,https://image.tmdb.org/t/p/w500/mzm5gUiv1oRkpLy7f3aFkDIFbbP.jpg,https://image.tmdb.org/t/p/original/8Oe8yZqR20AThApCxWvTsRwIa9d.jpg,105759
Star Trek: Voyager,Series,Sci-Fi & Fantasy Drama Action & Adventure,"Pulled to the far side of the galaxy, where the Federation is 75 years away at maximum warp speed, a Starfleet ship must cooperate with Maquis rebels to find a way home.",7.8,https://image.tmdb.org/t/p/w500/gNS5tRSG3UlXodCxznKKOKweqxh.jpg,https://image.tmdb.org/t/p/original/7YFranrnnIcCrgsLYQsoq8aE3Ir.jpg,1855
"Murder, She Wrote",Series,Mystery Crime Drama,An unassuming mystery writer turned sleuth uses her professional insight to help solve real-life homicide cases.,7.526,https://image.tmdb.org/t/p/w500/3UxBFG4fiuZ0P9n2sCrjXh64Avy.jpg,https://image.tmdb.org/t/p/original/eciikZDLyEBQanGh3zpGNuYHtQ3.jpg,484
Pokémon Horizons,Series,Animation Action & Adventure Sci-Fi & Fantasy Kids Anime,"Follow Liko and Roy as they unravel the mysteries that surround them and encounter Friede, Captain Pikachu, Amethio, and others during their exciting adventures!",8.644,https://image.tmdb.org/t/p/w500/amemXW39lMbNBJFRMJ5W7q9mLP2.jpg,https://image.tmdb.org/t/p/original/d0axpGojOqDag5lDa0eNSEtw11l.jpg,220150
Burn the House Down,Series,Drama Mystery,"After her mother took the blame for a tragic fire 13 years ago, Anzu plots revenge by working as a housekeeper under a pseudonym for her icy stepmother.",7.164,https://image.tmdb.org/t/p/w500/s4Ot7YP5GjEW8ggmjXbf79u6b2N.jpg,https://image.tmdb.org/t/p/original/g0UxlBGBBFTYgv4Gk2b3ZlZCjQa.jpg,210268
Jujutsu Kaisen 0,Movie,Action Supernatural Anime,"A prequel to the hit series, following Yuta Okkotsu as he trains at Tokyo Jujutsu High to confront a powerful curse.",8.3,https://image.tmdb.org/t/p/w500/23oJaeBh0FDk2mQ2P240PU9Xxfh.jpg,https://image.tmdb.org/t/p/original/rcEDPOOOUTLFxLLQJggfLffbofe.jpg,810693
Heaven Official's Blessing,Series,Fantasy Romance Donghua,"The divine Xie Lian ascends to the heavens once again, encountering gods, ghosts, and a mysterious ghost king.",8.5,https://image.tmdb.org/t/p/w500/4psWk1qJZKXlH78DjZUnvXCwSAM.jpg,https://image.tmdb.org/t/p/original/xPzeiPXPpdUJNHAnCZMeFmbxDPc.jpg,112398
The Amazing Spider-Man,Movie,Action Adventure Science Fiction,"Peter Parker is an outcast high schooler abandoned by his parents as a boy, leaving him to be raised by his Uncle Ben and Aunt May. Like most teenagers, Peter is trying to figure out who he is and how he got to be the person he is today. As Peter discovers a mysterious briefcase that belonged to his father, he begins a quest to understand his parents' disappearance – leading him directly to Oscorp and the lab of Dr. Curt Connors, his father's former partner. As Spider-Man is set on a collision course with Connors' alter ego, The Lizard, Peter will make life-altering choices to use his powers and shape his destiny to become a hero.",6.736,https://image.tmdb.org/t/p/w500/jexoNYnPd6vVrmygwF6QZmWPFdu.jpg,https://image.tmdb.org/t/p/original/HVcza6tJtWFrLriuh3Ano4Vt46.jpg,1930
Captain America: The Winter Soldier,Movie,Action Adventure Science Fiction,"After the cataclysmic events in New York with The Avengers, Steve Rogers, aka Captain America is living quietly in Washington, D.C. and trying to adjust to the modern world. But when a S.H.I.E.L.D. colleague comes under attack, Steve becomes embroiled in a web of intrigue that threatens to put the world at risk. Joining forces with the Black Widow, Captain America struggles to expose the ever-widening conspiracy while fighting off professional assassins sent to silence him at every turn. When the full scope of the villainous plot is revealed, Captain America and the Black Widow enlist the help of a new ally, the Falcon. However, they soon find themselves up against an unexpected and formidable enemy—the Winter Soldier.",7.654,https://image.tmdb.org/t/p/w500/tVFRpFw3xTedgPGqxW0AOI8Qhh0.jpg,https://image.tmdb.org/t/p/original/1RWLMyC9KcFfcaoViMiJGSSZzzr.jpg,100402
Loki,Series,Drama Sci-Fi & Fantasy,"After stealing the Tesseract during the events of “Avengers: Endgame,” an alternate version of Loki is brought to the mysterious Time Variance Authority, a bureaucratic organization that exists outside of time and space and monitors the timeline. They give Loki a choice: face being erased from existence due to being a “time variant” or help fix the timeline and stop a greater threat.",8.171,https://image.tmdb.org/t/p/w500/kEl2t3OhXc3Zb9FBh1AuYzRTgZp.jpg,https://image.tmdb.org/t/p/original/q3jHCb4dMfYF6ojikKuHd6LscxC.jpg,84958
Loki,Series,Drama Sci-Fi & Fantasy,"After stealing the Tesseract during the events of “Avengers: Endgame,” an alternate version of Loki is brought to the mysterious Time Variance Authority, a bureaucratic organization that exists outside of time and space and monitors the timeline. They give Loki a choice: face being erased from existence due to being a “time variant” or help fix the timeline and stop a greater threat.",8.171,https://image.tmdb.org/t/p/w500/kEl2t3OhXc3Zb9FBh1AuYzRTgZp.jpg,https://image.tmdb.org/t/p/original/q3jHCb4dMfYF6ojikKuHd6LscxC.jpg,84958
Disclosure Day,Movie,Mystery Science Fiction Thriller,"If you found out we weren’t alone, if someone showed you, proved it to you, would that frighten you?",0.0,https://image.tmdb.org/t/p/w500/3o5YPjDGDTcTDL5ftDA9NwN9dLd.jpg,https://image.tmdb.org/t/p/original/5p6BsJtnPbglYN15MuiUEppPl0f.jpg,1275779
Spider-Man: Far From Home,Movie,Action Adventure Science Fiction,"Peter Parker and his friends go on a summer trip to Europe. However, they will hardly be able to rest - Peter will have to agree to help Nick Fury uncover the mystery of creatures that cause natural disasters and destruction throughout the continent.",7.396,https://image.tmdb.org/t/p/w500/4q2NNj4S5dG2RLF9CpXsej7yXl.jpg,https://image.tmdb.org/t/p/original/34jW8LvjRplM8Pv06cBFDpLlenR.jpg,429617
Harry Potter and the Deathly Hallows: Part 2,Movie,Adventure Fantasy,"Harry, Ron and Hermione continue their quest to vanquish the evil Voldemort once and for all. Just as things begin to look hopeless for the young wizards, Harry discovers a trio of magical objects that endow him with powers to rival Voldemort's formidable skills.",8.079,https://image.tmdb.org/t/p/w500/c54HpQmuwXjHq2C9wmoACjxoom3.jpg,https://image.tmdb.org/t/p/original/cbcpDn6XJaIGoOil1bKuskU8ds4.jpg,12445
Harry Potter and the Deathly Hallows: Part 2,Movie,Adventure Fantasy,"Harry, Ron and Hermione continue their quest to vanquish the evil Voldemort once and for all. Just as things begin to look hopeless for the young wizards, Harry discovers a trio of magical objects that endow him with powers to rival Voldemort's formidable skills.",8.079,https://image.tmdb.org/t/p/w500/c54HpQmuwXjHq2C9wmoACjxoom3.jpg,https://image.tmdb.org/t/p/original/cbcpDn6XJaIGoOil1bKuskU8ds4.jpg,12445
Harry Potter and the Deathly Hallows: Part 2,Movie,Adventure Fantasy,"Harry, Ron and Hermione continue their quest to vanquish the evil Voldemort once and for all. Just as things begin to look hopeless for the young wizards, Harry discovers a trio of magical objects that endow him with powers to rival Voldemort's formidable skills.",8.079,https://image.tmdb.org/t/p/w500/c54HpQmuwXjHq2C9wmoACjxoom3.jpg,https://image.tmdb.org/t/p/original/cbcpDn6XJaIGoOil1bKuskU8ds4.jpg,12445
Harry Potter and the Deathly Hallows: Part 2,Movie,Adventure Fantasy,"Harry, Ron and Hermione continue their quest to vanquish the evil Voldemort once and for all. Just as things begin to look hopeless for the young wizards, Harry discovers a trio of magical objects that endow him with powers to rival Voldemort's formidable skills.",8.079,https://image.tmdb.org/t/p/w500/c54HpQmuwXjHq2C9wmoACjxoom3.jpg,https://image.tmdb.org/t/p/original/cbcpDn6XJaIGoOil1bKuskU8ds4.jpg,12445
Harry Potter and the Prisoner of Azkaban,Movie,Adventure Fantasy,Harry Potter's life is in danger once more as dangerous wizard Sirius Black has escaped from Azkaban Prison and is heading to Hogwarts.,8.008,https://image.tmdb.org/t/p/w500/aWxwnYoe8p2d2fcxOqtvAtJ72Rw.jpg,https://image.tmdb.org/t/p/original/vbk5CfaAHOjQPSAcYm6AoRRz2Af.jpg,673
How to Train Your Dragon,Movie,Fantasy Family Action Adventure,"On the rugged isle of Berk, where Vikings and dragons have been bitter enemies for generations, Hiccup stands apart, defying centuries of tradition when he befriends Toothless, a feared Night Fury dragon. Their unlikely bond reveals the true nature of dragons, challenging the very foundations of Viking society.",7.932,https://image.tmdb.org/t/p/w500/q5pXRYTycaeW6dEgsCrd4mYPmxM.jpg,https://image.tmdb.org/t/p/original/8J6UlIFcU7eZfq9iCLbgc8Auklg.jpg,1087192
Spider-Man: Brand New Day,Movie,Science Fiction Action Adventure,"Four years have passed since the events of No Way Home, and Peter is now an adult living entirely alone, having voluntarily erased himself from the lives and memories of those he loves. Crime-fighting in a New York that no longer knows his name, he's devoted himself entirely to protecting his city — a full-time Spider-Man — but as the demands on him intensify, the pressure sparks a surprising physical evolution that threatens his existence, even as a strange new pattern of crimes gives rise to one of the most powerful threats he has ever faced.",0.0,https://image.tmdb.org/t/p/w500/yyB2VJEW3an2xCdcYCPQhn9QERR.jpg,https://image.tmdb.org/t/p/original/vjMvFSmGUxEtqVdaZgvFee9XkZl.jpg,969681
Harry Potter and the Goblet of Fire,Movie,Adventure Fantasy,"When his name emerges from the Goblet of Fire, Harry Potter becomes a competitor in a grueling battle for glory among three wizarding schools. Signs of Voldemort's return emerge as Harry's friends help him prepare for the Triwizard Tournament.",7.8,https://image.tmdb.org/t/p/w500/fECBtHlr0RB3foNHDiCBXeg9Bv9.jpg,https://image.tmdb.org/t/p/original/1OV7hau4D3rWGS5bu8sqBYeVpe.jpg,674
The Fantastic 4: First Steps,Movie,Science Fiction Adventure Action,"Against the vibrant backdrop of a 1960s-inspired, retro-futuristic world, Marvel's First Family is forced to balance their roles as heroes with the strength of their family bond, while defending Earth from a ravenous space god called Galactus and his enigmatic Herald, Silver Surfer.",6.964,https://image.tmdb.org/t/p/w500/abqOz6EL3yXyOOafCPZxjL1M5bQ.jpg,https://image.tmdb.org/t/p/original/s94NjfKkcSczZ1FembwmQZwsuwY.jpg,617126
Avengers: Age of Ultron,Movie,Action Adventure Science Fiction,"When Tony Stark tries to jumpstart a dormant peacekeeping program, things go awry and Earth’s Mightiest Heroes are put to the ultimate test as the fate of the planet hangs in the balance. As the villainous Ultron emerges, it is up to The Avengers to stop him from enacting his terrible plans, and soon uneasy alliances and unexpected action pave the way for an epic and unique global adventure.",7.272,https://image.tmdb.org/t/p/w500/4ssDuvEDkSArWEdyBl2X5EHvYKU.jpg,https://image.tmdb.org/t/p/original/kIBK5SKwgqIIuRKhhWrJn3XkbPq.jpg,99861
Harry Potter and the Order of the Phoenix,Movie,Adventure Fantasy,"When a new professor's methods leave Hogwarts unprepared to fight the rising tide of evil, Harry teaches students how to defend against the dark arts.",7.673,https://image.tmdb.org/t/p/w500/5aOyriWkPec0zUDxmHFP9qMmBaj.jpg,https://image.tmdb.org/t/p/original/pkxPkHOPJjOvzfQOclANEBT8OfK.jpg,675
Bāhubali: The Epic,Movie,Action Drama,"When a mysterious child is found by a tribal couple near a roaring waterfall, they raise him as their own. As he grows, Sivudu is drawn to the world beyond the cliffs, where he discovers the ancient kingdom of Mahishmati, ruled by a cruel tyrant, haunted by rebellion, and bound to his past. What begins as a quest for love soon unravels a legacy of betrayal, sacrifice, and a forgotten prince.",6.184,https://image.tmdb.org/t/p/w500/z9YIo2qscyaXYgRqIdRJtND3bw8.jpg,https://image.tmdb.org/t/p/original/i2GPnSwsdxHtI19e7gZwFVndpqg.jpg,1511417
Doctor Strange in the Multiverse of Madness,Movie,Fantasy Action Adventure,"Doctor Strange, with the help of mystical allies both old and new, traverses the mind-bending and dangerous alternate realities of the Multiverse to confront a mysterious new adversary.",7.229,https://image.tmdb.org/t/p/w500/ddJcSKbcp4rKZTmuyWaMhuwcfMz.jpg,https://image.tmdb.org/t/p/original/AdyJH8kDm8xT8IKTlgpEC15ny4u.jpg,453395
Harry Potter and the Half-Blood Prince,Movie,Adventure Fantasy,Dumbledore tries to prepare Harry for the final battle with Voldemort while Death Eaters wreak havoc in both Muggle and Wizard worlds.,7.68,https://image.tmdb.org/t/p/w500/z7uo9zmQdQwU5ZJHFpv2Upl30i1.jpg,https://image.tmdb.org/t/p/original/ze6Mx4QE5mQVXRYmG2flncqqle4.jpg,767
Spider-Man 3,Movie,Action Adventure Science Fiction,"The seemingly invincible Spider-Man goes up against an all-new crop of villains—including the shape-shifting Sandman. While Spider-Man’s superpowers are altered by an alien organism, his alter ego, Peter Parker, deals with nemesis Eddie Brock and also gets caught up in a love triangle.",6.459,https://image.tmdb.org/t/p/w500/qFmwhVUoUSXjkKRmca5yGDEXBIj.jpg,https://image.tmdb.org/t/p/original/w1oD1MzHjnBJc5snKupIQaSBLIh.jpg,559
Captain America: Civil War,Movie,Adventure Action Science Fiction,"Following the events of Age of Ultron, the collective governments of the world pass an act designed to regulate all superhuman activity. This polarizes opinion amongst the Avengers, causing two factions to side with Iron Man or Captain America, which causes an epic battle between former allies.",7.448,https://image.tmdb.org/t/p/w500/rAGiXaUfPzY7CDEyNKUofk3Kw2e.jpg,https://image.tmdb.org/t/p/original/7FWlcZq3r6525LWOcvO9kNWurN1.jpg,271110
Captain America: Civil War,Movie,Adventure Action Science Fiction,"Following the events of Age of Ultron, the collective governments of the world pass an act designed to regulate all superhuman activity. This polarizes opinion amongst the Avengers, causing two factions to side with Iron Man or Captain America, which causes an epic battle between former allies.",7.448,https://image.tmdb.org/t/p/w500/rAGiXaUfPzY7CDEyNKUofk3Kw2e.jpg,https://image.tmdb.org/t/p/original/7FWlcZq3r6525LWOcvO9kNWurN1.jpg,271110
Thor: Ragnarok,Movie,Action Science Fiction Comedy,"Thor is imprisoned on the other side of the universe and finds himself in a race against time to get back to Asgard to stop Ragnarok, the destruction of his home-world and the end of Asgardian civilization, at the hands of a powerful new threat, the ruthless Hela.",7.581,https://image.tmdb.org/t/p/w500/rzRwTcFvttcN1ZpX2xv4j3tSdJu.jpg,https://image.tmdb.org/t/p/original/wBzMnQ01R9w58W6ucltdYfOyP4j.jpg,284053
